pair,model,dose,lag,normalization,comparison,n_items,estimate,ci_low,ci_high,negative_rate
id_tl,gemma3_12b,1,0,mean,wrong_exact_minus_language,33,-4.994555646909937,-7.238070238064392,-2.810269841539081,0.7272727272727273
id_tl,gemma3_12b,1,0,mean,wrong_exact_minus_surface,33,-3.4148744592737676,-5.766100498264837,-1.157337541137377,0.696969696969697
id_tl,gemma3_12b,1,0,mean,wrong_exact_minus_masked,33,-0.6077149485724724,-1.9633879730584642,0.7019276755883102,0.45454545454545453
id_tl,gemma3_12b,1,0,mean,wrong_masked_minus_language,33,-4.386840698337465,-6.322571198228803,-2.4516057132122424,0.8484848484848485
id_tl,gemma3_12b,1,0,mean,correct_exact_minus_language,33,24.59387151010968,19.866761225774656,29.783545402654095,0.0
id_tl,gemma3_12b,1,0,sum,wrong_exact_minus_language,33,-5.987002369767817,-8.55411426966038,-3.4821333477404997,0.7272727272727273
id_tl,gemma3_12b,1,0,sum,wrong_exact_minus_surface,33,-2.9229574907583427,-5.5067572018988855,-0.3629838271582264,0.6363636363636364
id_tl,gemma3_12b,1,0,sum,wrong_exact_minus_masked,33,-0.48546433789218124,-2.1747521787176303,1.112256123078105,0.45454545454545453
id_tl,gemma3_12b,1,0,sum,wrong_masked_minus_language,33,-5.5015380318756355,-7.5177301650979755,-3.576568555782523,0.8181818181818182
id_tl,gemma3_12b,1,0,sum,correct_exact_minus_language,33,29.23194859205278,23.862619145868663,35.12255635764956,0.0
id_tl,gemma3_12b,1,2,mean,wrong_exact_minus_language,33,-3.5186358460659077,-5.7252234133236035,-1.5475790506773404,0.7272727272727273
id_tl,gemma3_12b,1,2,mean,wrong_exact_minus_surface,33,-3.6509331502972846,-6.078058626660817,-1.384643831334072,0.7575757575757576
id_tl,gemma3_12b,1,2,mean,wrong_exact_minus_masked,33,-1.9293483523382968,-3.3533886556709946,-0.5609307137922638,0.696969696969697
id_tl,gemma3_12b,1,2,mean,wrong_masked_minus_language,33,-1.589287493727611,-3.580040475537052,0.08798476617640398,0.5454545454545454
id_tl,gemma3_12b,1,2,mean,correct_exact_minus_language,33,21.699262394765327,17.21810585127398,26.809098952205108,0.0
id_tl,gemma3_12b,1,2,sum,wrong_exact_minus_language,33,-4.21994498333802,-6.689755670906258,-1.9395891493433306,0.696969696969697
id_tl,gemma3_12b,1,2,sum,wrong_exact_minus_surface,33,-3.1992623212034674,-5.7968954855734465,-0.6580927790973407,0.696969696969697
id_tl,gemma3_12b,1,2,sum,wrong_exact_minus_masked,33,-2.147471024289244,-3.7884410771668624,-0.59670905353025,0.6363636363636364
id_tl,gemma3_12b,1,2,sum,wrong_masked_minus_language,33,-2.072473959048776,-4.262384011092206,-0.20725378290162422,0.6060606060606061
id_tl,gemma3_12b,1,2,sum,correct_exact_minus_language,33,25.325495661826967,19.860842146988286,30.91746782133183,0.030303030303030304
id_tl,gemma3_12b,1,8,mean,wrong_exact_minus_language,33,-3.6509778431722997,-5.6582872343796256,-1.906075631502196,0.8181818181818182
id_tl,gemma3_12b,1,8,mean,wrong_exact_minus_surface,33,-2.0739961399083384,-3.991832304335295,-0.2810437811900612,0.696969696969697
id_tl,gemma3_12b,1,8,mean,wrong_exact_minus_masked,33,-2.452893393244074,-3.648637868206441,-1.2827237344058384,0.7272727272727273
id_tl,gemma3_12b,1,8,mean,wrong_masked_minus_language,33,-1.1980844499282257,-3.12204804106582,0.34200205483657187,0.48484848484848486
id_tl,gemma3_12b,1,8,mean,correct_exact_minus_language,33,21.231259617988723,16.516076639471738,26.270298496979787,0.0
id_tl,gemma3_12b,1,8,sum,wrong_exact_minus_language,33,-4.392830062529935,-6.577181857917088,-2.4330670229357745,0.7575757575757576
id_tl,gemma3_12b,1,8,sum,wrong_exact_minus_surface,33,-1.6424864925028295,-3.799501713641053,0.6656608126220226,0.6060606060606061
id_tl,gemma3_12b,1,8,sum,wrong_exact_minus_masked,33,-2.8776643345810236,-4.3223512590816675,-1.4312272057416446,0.7272727272727273
id_tl,gemma3_12b,1,8,sum,wrong_masked_minus_language,33,-1.515165727948911,-3.441339545993833,0.0407046230191494,0.5757575757575758
id_tl,gemma3_12b,1,8,sum,correct_exact_minus_language,33,24.335094024884793,19.135061270445377,30.02112774847697,0.030303030303030304
id_tl,gemma3_12b,4,0,mean,wrong_exact_minus_language,33,-3.672408204915524,-5.4419109947915505,-1.963010282251172,0.7272727272727273
id_tl,gemma3_12b,4,0,mean,wrong_exact_minus_surface,33,-3.23637257762091,-6.765697521696601,0.0733124100406042,0.6666666666666666
id_tl,gemma3_12b,4,0,mean,wrong_exact_minus_masked,33,-1.610880840605012,-2.877940813802133,-0.3676012894145755,0.6666666666666666
id_tl,gemma3_12b,4,0,mean,wrong_masked_minus_language,33,-2.0615273643105123,-3.75733847036926,-0.32078124063087843,0.6060606060606061
id_tl,gemma3_12b,4,0,mean,correct_exact_minus_language,33,27.259399483599488,22.276382926106983,32.663692553052414,0.0
id_tl,gemma3_12b,4,0,sum,wrong_exact_minus_language,33,-3.9640129642564608,-6.125579011750938,-1.8193334167271547,0.7575757575757576
id_tl,gemma3_12b,4,0,sum,wrong_exact_minus_surface,33,-2.2182349695587726,-5.879926001411161,1.1825721343069506,0.6060606060606061
id_tl,gemma3_12b,4,0,sum,wrong_exact_minus_masked,33,-1.4654811206767617,-3.193310258182464,0.18658479426662822,0.6060606060606061
id_tl,gemma3_12b,4,0,sum,wrong_masked_minus_language,33,-2.498531843579699,-4.4742611737155435,-0.6273199692341608,0.6363636363636364
id_tl,gemma3_12b,4,0,sum,correct_exact_minus_language,33,32.19005087401654,27.08130022482534,37.84340784637075,0.0
id_tl,gemma3_12b,4,2,mean,wrong_exact_minus_language,33,-2.108117760405135,-3.816031310144348,-0.5911939793026473,0.6666666666666666
id_tl,gemma3_12b,4,2,mean,wrong_exact_minus_surface,33,-2.79047183040309,-5.890048975543543,0.472078684469593,0.5454545454545454
id_tl,gemma3_12b,4,2,mean,wrong_exact_minus_masked,33,-2.0361176439936655,-3.284283841859261,-0.8302766080903843,0.7272727272727273
id_tl,gemma3_12b,4,2,mean,wrong_masked_minus_language,33,-0.07200011641146954,-1.4177826603573824,1.3202962896615071,0.42424242424242425
id_tl,gemma3_12b,4,2,mean,correct_exact_minus_language,33,25.662086800940774,20.452470159281606,31.148966865770344,0.0
id_tl,gemma3_12b,4,2,sum,wrong_exact_minus_language,33,-2.4935275029989,-4.371199220159332,-0.647014777133354,0.7272727272727273
id_tl,gemma3_12b,4,2,sum,wrong_exact_minus_surface,33,-1.8158968210932058,-5.332459883182684,1.7805881784285909,0.5757575757575758
id_tl,gemma3_12b,4,2,sum,wrong_exact_minus_masked,33,-2.1554879175620787,-3.6927295672915177,-0.6907756728218929,0.6666666666666666
id_tl,gemma3_12b,4,2,sum,wrong_masked_minus_language,33,-0.33803958543682133,-1.8018499206505525,1.1483797803120293,0.48484848484848486
id_tl,gemma3_12b,4,2,sum,correct_exact_minus_language,33,29.835353616357512,24.26253698356259,36.032727894804864,0.0
id_tl,gemma3_12b,4,8,mean,wrong_exact_minus_language,33,-3.289125515280334,-5.113864703610042,-1.6631928925254307,0.7272727272727273
id_tl,gemma3_12b,4,8,mean,wrong_exact_minus_surface,33,-2.613322685693151,-5.121383468938945,-0.10083056754859612,0.6363636363636364
id_tl,gemma3_12b,4,8,mean,wrong_exact_minus_masked,33,-2.788451404418359,-3.9663280730492043,-1.632914137554173,0.696969696969697
id_tl,gemma3_12b,4,8,mean,wrong_masked_minus_language,33,-0.5006741108619749,-2.0880832499027195,0.8317112663097557,0.5151515151515151
id_tl,gemma3_12b,4,8,mean,correct_exact_minus_language,33,24.099356712105816,19.270338633260053,29.29334215083667,0.0
id_tl,gemma3_12b,4,8,sum,wrong_exact_minus_language,33,-3.876074579253327,-5.913075386384011,-1.9971440756215946,0.7272727272727273
id_tl,gemma3_12b,4,8,sum,wrong_exact_minus_surface,33,-1.8765112221131637,-4.70379295145703,0.7679753265238208,0.5757575757575758
id_tl,gemma3_12b,4,8,sum,wrong_exact_minus_masked,33,-3.2523446274078167,-4.710935033530183,-1.7958754194700197,0.6666666666666666
id_tl,gemma3_12b,4,8,sum,wrong_masked_minus_language,33,-0.6237299518455102,-2.211758217628195,0.7852950406140833,0.5757575757575758
id_tl,gemma3_12b,4,8,sum,correct_exact_minus_language,33,28.18798074968226,22.623481353923896,34.0986370680261,0.0
id_tl,gemma3_12b,8,0,mean,wrong_exact_minus_language,33,-3.875040557323673,-5.786039098802157,-2.0630668247502233,0.7272727272727273
id_tl,gemma3_12b,8,0,mean,wrong_exact_minus_surface,33,-2.4514164874042654,-5.785872074727442,0.7597451906162853,0.6060606060606061
id_tl,gemma3_12b,8,0,mean,wrong_exact_minus_masked,33,-2.256116981685133,-3.6945327186759447,-0.8331771135912299,0.696969696969697
id_tl,gemma3_12b,8,0,mean,wrong_masked_minus_language,33,-1.6189235756385394,-3.5863770201825185,0.3171330674620214,0.5454545454545454
id_tl,gemma3_12b,8,0,mean,correct_exact_minus_language,33,27.062409525354298,22.0452518732825,32.30917519154167,0.0
id_tl,gemma3_12b,8,0,sum,wrong_exact_minus_language,33,-4.4097763335819105,-6.6621904572231205,-2.0647688939036786,0.7575757575757576
id_tl,gemma3_12b,8,0,sum,wrong_exact_minus_surface,33,-1.3098794225485162,-4.949619269452524,2.192370838746951,0.5151515151515151
id_tl,gemma3_12b,8,0,sum,wrong_exact_minus_masked,33,-2.390236207859054,-4.2874264076389155,-0.5808680652671638,0.6363636363636364
id_tl,gemma3_12b,8,0,sum,wrong_masked_minus_language,33,-2.019540125722856,-4.147243469194898,0.09134058511451922,0.6060606060606061
id_tl,gemma3_12b,8,0,sum,correct_exact_minus_language,33,31.926657661130527,26.999617511399887,37.05136786395338,0.0
id_tl,gemma3_12b,8,2,mean,wrong_exact_minus_language,33,-2.3804908187417877,-4.082329854492017,-0.898024580870918,0.6666666666666666
id_tl,gemma3_12b,8,2,mean,wrong_exact_minus_surface,33,-1.6351112691653809,-4.784044682453642,1.6613638122755208,0.5454545454545454
id_tl,gemma3_12b,8,2,mean,wrong_exact_minus_masked,33,-2.143119132562512,-3.5424061976221504,-0.8615323422504875,0.7272727272727273
id_tl,gemma3_12b,8,2,mean,wrong_masked_minus_language,33,-0.23737168617927554,-1.3987256121767904,0.9282559221555743,0.42424242424242425
id_tl,gemma3_12b,8,2,mean,correct_exact_minus_language,33,25.651625197351237,20.53691333248616,31.400046335825373,0.0
id_tl,gemma3_12b,8,2,sum,wrong_exact_minus_language,33,-3.0032412048859634,-5.020915922926029,-1.0718609883703119,0.696969696969697
id_tl,gemma3_12b,8,2,sum,wrong_exact_minus_surface,33,-0.7777877445385623,-4.209824421106455,2.803624179832253,0.5454545454545454
id_tl,gemma3_12b,8,2,sum,wrong_exact_minus_masked,33,-2.4971009011055822,-4.222132377603063,-0.89414712065852,0.6666666666666666
id_tl,gemma3_12b,8,2,sum,wrong_masked_minus_language,33,-0.5061403037803812,-1.744920701014273,0.720976020454756,0.5151515151515151
id_tl,gemma3_12b,8,2,sum,correct_exact_minus_language,33,29.731099532718265,24.230774037600604,35.60790014104975,0.0
id_tl,gemma3_12b,8,8,mean,wrong_exact_minus_language,33,-3.236775773081745,-4.9106216679789325,-1.7131630982311574,0.7878787878787878
id_tl,gemma3_12b,8,8,mean,wrong_exact_minus_surface,33,-1.9196336105003755,-4.504974541769876,0.7068165673529033,0.7272727272727273
id_tl,gemma3_12b,8,8,mean,wrong_exact_minus_masked,33,-2.750733248063956,-3.87400888560682,-1.6418563254812566,0.7272727272727273
id_tl,gemma3_12b,8,8,mean,wrong_masked_minus_language,33,-0.4860425250177893,-1.9856332722949885,0.8099485151112057,0.42424242424242425
id_tl,gemma3_12b,8,8,mean,correct_exact_minus_language,33,24.34142635985548,19.4697541368744,29.676526864905192,0.0
id_tl,gemma3_12b,8,8,sum,wrong_exact_minus_language,33,-3.888214605364765,-5.837248270153588,-2.0832221535736943,0.7575757575757576
id_tl,gemma3_12b,8,8,sum,wrong_exact_minus_surface,33,-1.1150557297638222,-3.973302499511214,1.7448824737933553,0.696969696969697
id_tl,gemma3_12b,8,8,sum,wrong_exact_minus_masked,33,-3.4136974250149885,-4.822325527932403,-2.0491012999473965,0.7272727272727273
id_tl,gemma3_12b,8,8,sum,wrong_masked_minus_language,33,-0.4745171803497766,-2.0000268614704537,0.8758104141556858,0.42424242424242425
id_tl,gemma3_12b,8,8,sum,correct_exact_minus_language,33,28.396796606677665,22.9546318840259,34.263224144133204,0.0
id_tl,gemma3_4b,1,0,mean,wrong_exact_minus_language,33,-9.541830767792733,-13.979844261813119,-5.465204855310032,0.8484848484848485
id_tl,gemma3_4b,1,0,mean,wrong_exact_minus_surface,33,-2.057404749603434,-5.437217700259873,1.3077482283933817,0.5757575757575758
id_tl,gemma3_4b,1,0,mean,wrong_exact_minus_masked,33,-4.379350868420619,-7.94119374936757,-1.3545002194558924,0.7575757575757576
id_tl,gemma3_4b,1,0,mean,wrong_masked_minus_language,33,-5.162479899372116,-8.23872101514064,-2.248740882403925,0.8181818181818182
id_tl,gemma3_4b,1,0,mean,correct_exact_minus_language,33,25.164800963392764,18.9577275502693,31.857145161881576,0.06060606060606061
id_tl,gemma3_4b,1,0,sum,wrong_exact_minus_language,33,-10.95342596422768,-15.929567018410925,-6.166699033986892,0.8484848484848485
id_tl,gemma3_4b,1,0,sum,wrong_exact_minus_surface,33,-1.1381972886509064,-5.402219014002405,3.2325634505232768,0.5454545454545454
id_tl,gemma3_4b,1,0,sum,wrong_exact_minus_masked,33,-4.732639081832586,-9.078629949978186,-0.6538969256915166,0.696969696969697
id_tl,gemma3_4b,1,0,sum,wrong_masked_minus_language,33,-6.220786882395094,-9.595481367843847,-3.0152706522099466,0.7878787878787878
id_tl,gemma3_4b,1,0,sum,correct_exact_minus_language,33,30.858668003795724,23.0265198487224,39.152988311919295,0.06060606060606061
id_tl,gemma3_4b,1,2,mean,wrong_exact_minus_language,33,-7.634749404776702,-12.538314367160174,-3.2311695812828263,0.7272727272727273
id_tl,gemma3_4b,1,2,mean,wrong_exact_minus_surface,33,2.173701546944027,-1.2792920990423722,5.6384632367778105,0.42424242424242425
id_tl,gemma3_4b,1,2,mean,wrong_exact_minus_masked,33,-3.924825488985913,-7.058698028662244,-1.281299564190582,0.6060606060606061
id_tl,gemma3_4b,1,2,mean,wrong_masked_minus_language,33,-3.709923915790789,-6.641807001603373,-0.917187082496557,0.7575757575757576
id_tl,gemma3_4b,1,2,mean,correct_exact_minus_language,33,19.411997193639937,13.437494312475144,26.09125489452571,0.06060606060606061
id_tl,gemma3_4b,1,2,sum,wrong_exact_minus_language,33,-7.2893885260346,-12.568685282089493,-1.9749816195531358,0.696969696969697
id_tl,gemma3_4b,1,2,sum,wrong_exact_minus_surface,33,4.282649044369684,-0.2986937179209317,8.89373311126796,0.3333333333333333
id_tl,gemma3_4b,1,2,sum,wrong_exact_minus_masked,33,-3.9222361837440105,-7.549710388682362,-0.5775121954171542,0.6363636363636364
id_tl,gemma3_4b,1,2,sum,wrong_masked_minus_language,33,-3.367152342290589,-6.5950480882417075,-0.42463242926380923,0.7272727272727273
id_tl,gemma3_4b,1,2,sum,correct_exact_minus_language,33,24.32188615112595,16.503026610093606,32.178116782551456,0.06060606060606061
id_tl,gemma3_4b,1,8,mean,wrong_exact_minus_language,33,-5.388644471413555,-8.668516914486297,-2.4051703732398124,0.7272727272727273
id_tl,gemma3_4b,1,8,mean,wrong_exact_minus_surface,33,2.857062682860432,-0.15629204610983516,5.985846099221572,0.30303030303030304
id_tl,gemma3_4b,1,8,mean,wrong_exact_minus_masked,33,-3.375554549975222,-5.973706289087281,-0.9559142778423415,0.6666666666666666
id_tl,gemma3_4b,1,8,mean,wrong_masked_minus_language,33,-2.0130899214383327,-4.379504129990484,0.26590689156543024,0.6666666666666666
id_tl,gemma3_4b,1,8,mean,correct_exact_minus_language,33,12.984073227052166,7.187661419082848,19.458993470487695,0.21212121212121213
id_tl,gemma3_4b,1,8,sum,wrong_exact_minus_language,33,-5.80827153461569,-9.518170045845732,-2.2476797107092987,0.6666666666666666
id_tl,gemma3_4b,1,8,sum,wrong_exact_minus_surface,33,3.9994808904047012,0.3000933212662031,7.786936265310255,0.3939393939393939
id_tl,gemma3_4b,1,8,sum,wrong_exact_minus_masked,33,-3.9409165229863543,-7.0912687209421135,-1.1221030273224724,0.696969696969697
id_tl,gemma3_4b,1,8,sum,wrong_masked_minus_language,33,-1.8673550116293358,-4.672378030532237,0.9855457305908193,0.6666666666666666
id_tl,gemma3_4b,1,8,sum,correct_exact_minus_language,33,16.135840293082957,9.44016307695972,23.542226900657013,0.21212121212121213
id_tl,gemma3_4b,4,0,mean,wrong_exact_minus_language,33,-8.255251363985625,-12.825380179579511,-3.887499376782124,0.7575757575757576
id_tl,gemma3_4b,4,0,mean,wrong_exact_minus_surface,33,-2.9697589748084825,-6.898683572628908,0.7901830531154007,0.6060606060606061
id_tl,gemma3_4b,4,0,mean,wrong_exact_minus_masked,33,-3.266294660378745,-6.5996023408115105,0.071915216894524,0.6060606060606061
id_tl,gemma3_4b,4,0,mean,wrong_masked_minus_language,33,-4.98895670360688,-8.703088485714838,-1.5093700271664245,0.6363636363636364
id_tl,gemma3_4b,4,0,mean,correct_exact_minus_language,33,28.96238562713067,22.933843391349143,35.87602542532664,0.0
id_tl,gemma3_4b,4,0,sum,wrong_exact_minus_language,33,-8.401522910667348,-13.608764826867617,-3.1731002180043575,0.696969696969697
id_tl,gemma3_4b,4,0,sum,wrong_exact_minus_surface,33,-1.6905259092900167,-7.192597414666681,3.848013078709117,0.6060606060606061
id_tl,gemma3_4b,4,0,sum,wrong_exact_minus_masked,33,-2.9801635023591877,-7.138281785019419,1.3491057978695835,0.6060606060606061
id_tl,gemma3_4b,4,0,sum,wrong_masked_minus_language,33,-5.4213594083081595,-9.390337490657288,-1.4945580460639194,0.6363636363636364
id_tl,gemma3_4b,4,0,sum,correct_exact_minus_language,33,35.66561238129031,28.299543396152103,43.42648839065523,0.030303030303030304
id_tl,gemma3_4b,4,2,mean,wrong_exact_minus_language,33,-6.080968650416859,-10.706690798096965,-1.748938246981142,0.6666666666666666
id_tl,gemma3_4b,4,2,mean,wrong_exact_minus_surface,33,2.7426762355740224,-0.5008207960241027,6.126535439199373,0.42424242424242425
id_tl,gemma3_4b,4,2,mean,wrong_exact_minus_masked,33,-1.1937059492470738,-3.6500170373167555,1.177331596170883,0.5757575757575758
id_tl,gemma3_4b,4,2,mean,wrong_masked_minus_language,33,-4.887262701169785,-8.86877866911095,-1.3949269144809964,0.6666666666666666
id_tl,gemma3_4b,4,2,mean,correct_exact_minus_language,33,21.709719391398583,16.409481869844694,27.790198175544905,0.030303030303030304
id_tl,gemma3_4b,4,2,sum,wrong_exact_minus_language,33,-5.6763544113888535,-10.629939954072235,-0.5648898869576117,0.6060606060606061
id_tl,gemma3_4b,4,2,sum,wrong_exact_minus_surface,33,4.36343163348625,0.2329650165343827,8.852281594264761,0.3939393939393939
id_tl,gemma3_4b,4,2,sum,wrong_exact_minus_masked,33,-0.7842709335108697,-3.814957773093523,2.4236342379650675,0.5151515151515151
id_tl,gemma3_4b,4,2,sum,wrong_masked_minus_language,33,-4.892083477877984,-8.880179984295374,-1.2155531357430542,0.6666666666666666
id_tl,gemma3_4b,4,2,sum,correct_exact_minus_language,33,27.553242070120618,20.64063469624697,34.74981594243735,0.06060606060606061
id_tl,gemma3_4b,4,8,mean,wrong_exact_minus_language,33,-4.050925906331306,-6.998103014405669,-1.1726935827670737,0.7272727272727273
id_tl,gemma3_4b,4,8,mean,wrong_exact_minus_surface,33,4.350894482940379,1.1791105013727,8.043821723561091,0.21212121212121213
id_tl,gemma3_4b,4,8,mean,wrong_exact_minus_masked,33,-0.5171485558279197,-2.1899350270101534,1.2027651016281151,0.6060606060606061
id_tl,gemma3_4b,4,8,mean,wrong_masked_minus_language,33,-3.533777350503387,-6.106212149938624,-1.0881480910899988,0.7272727272727273
id_tl,gemma3_4b,4,8,mean,correct_exact_minus_language,33,16.158314545271974,10.89127593143194,22.12266590181512,0.09090909090909091
id_tl,gemma3_4b,4,8,sum,wrong_exact_minus_language,33,-4.153431192865934,-7.716677265271023,-0.5506665919282986,0.7272727272727273
id_tl,gemma3_4b,4,8,sum,wrong_exact_minus_surface,33,5.362360744052708,1.3799373611178123,9.775281891715887,0.2727272727272727
id_tl,gemma3_4b,4,8,sum,wrong_exact_minus_masked,33,-0.460485559217914,-2.7255651847882705,1.7768270240258774,0.6363636363636364
id_tl,gemma3_4b,4,8,sum,wrong_masked_minus_language,33,-3.6929456336480198,-6.670919333212077,-0.8425164842978121,0.7575757575757576
id_tl,gemma3_4b,4,8,sum,correct_exact_minus_language,33,20.535057063581366,13.948049586779918,27.770935952494085,0.12121212121212122
id_tl,gemma3_4b,8,0,mean,wrong_exact_minus_language,33,-8.426665431641485,-12.839860947415929,-4.419558080421397,0.7878787878787878
id_tl,gemma3_4b,8,0,mean,wrong_exact_minus_surface,33,-2.9060094984692326,-6.844067139257536,0.7747421249335749,0.5757575757575758
id_tl,gemma3_4b,8,0,mean,wrong_exact_minus_masked,33,-2.9954993550039064,-6.305071347884157,0.1948629532767485,0.6363636363636364
id_tl,gemma3_4b,8,0,mean,wrong_masked_minus_language,33,-5.431166076637579,-9.4146096363579,-1.5497824527238584,0.7272727272727273
id_tl,gemma3_4b,8,0,mean,correct_exact_minus_language,33,29.057519197125327,22.861172414300114,35.71666992688269,0.0
id_tl,gemma3_4b,8,0,sum,wrong_exact_minus_language,33,-9.103951637511217,-14.030763697003804,-4.431325348621281,0.8181818181818182
id_tl,gemma3_4b,8,0,sum,wrong_exact_minus_surface,33,-2.471475346120396,-7.567918256829531,2.4212215343397356,0.6363636363636364
id_tl,gemma3_4b,8,0,sum,wrong_exact_minus_masked,33,-3.2328285129198884,-7.0862152471042545,0.8269661729204887,0.5757575757575758
id_tl,gemma3_4b,8,0,sum,wrong_masked_minus_language,33,-5.871123124591329,-10.13718163880209,-1.6855675334252054,0.7272727272727273
id_tl,gemma3_4b,8,0,sum,correct_exact_minus_language,33,36.109648227352984,28.658025881027182,43.92835584558037,0.030303030303030304
id_tl,gemma3_4b,8,2,mean,wrong_exact_minus_language,33,-6.259870124370067,-10.46035652601216,-2.2368581669955545,0.6666666666666666
id_tl,gemma3_4b,8,2,mean,wrong_exact_minus_surface,33,1.9065746409350224,-1.4229444998556353,5.437683074624511,0.45454545454545453
id_tl,gemma3_4b,8,2,mean,wrong_exact_minus_masked,33,-1.6539606272739493,-4.0809200601630105,0.6658058628405603,0.5454545454545454
id_tl,gemma3_4b,8,2,mean,wrong_masked_minus_language,33,-4.6059094970961185,-8.398826621797387,-1.092882386941788,0.6060606060606061
id_tl,gemma3_4b,8,2,mean,correct_exact_minus_language,33,22.185538808857515,16.948015972412772,27.725268518275254,0.0
id_tl,gemma3_4b,8,2,sum,wrong_exact_minus_language,33,-6.359831686960233,-11.016368782966454,-1.8526601825504874,0.6060606060606061
id_tl,gemma3_4b,8,2,sum,wrong_exact_minus_surface,33,2.952150837663353,-1.2431214393172978,7.423645107583559,0.45454545454545453
id_tl,gemma3_4b,8,2,sum,wrong_exact_minus_masked,33,-1.3903344563930824,-4.32378026414441,1.4672562355779737,0.5151515151515151
id_tl,gemma3_4b,8,2,sum,wrong_masked_minus_language,33,-4.969497230567151,-8.92182146821023,-1.4699710606791436,0.6666666666666666
id_tl,gemma3_4b,8,2,sum,correct_exact_minus_language,33,27.836390333094943,21.460188846769533,34.21084093297161,0.030303030303030304
id_tl,gemma3_4b,8,8,mean,wrong_exact_minus_language,33,-4.593596559998607,-7.696643809883883,-1.5208836796226106,0.6666666666666666
id_tl,gemma3_4b,8,8,mean,wrong_exact_minus_surface,33,4.864684727868404,1.513663333729721,8.49856771287459,0.2727272727272727
id_tl,gemma3_4b,8,8,mean,wrong_exact_minus_masked,33,-1.284195123261518,-3.352137734041069,0.6271860044248484,0.6666666666666666
id_tl,gemma3_4b,8,8,mean,wrong_masked_minus_language,33,-3.3094014367370894,-6.091292811354453,-0.6417458469781923,0.6060606060606061
id_tl,gemma3_4b,8,8,mean,correct_exact_minus_language,33,15.930828628666474,10.451409239310658,22.102968856782624,0.06060606060606061
id_tl,gemma3_4b,8,8,sum,wrong_exact_minus_language,33,-4.673860207164773,-8.398251830853669,-0.7939423454276323,0.6363636363636364
id_tl,gemma3_4b,8,8,sum,wrong_exact_minus_surface,33,6.024583695322332,1.6922646123751872,10.642804123180772,0.36363636363636365
id_tl,gemma3_4b,8,8,sum,wrong_exact_minus_masked,33,-0.9445632117814525,-3.2644841790199277,1.3826567908265637,0.6363636363636364
id_tl,gemma3_4b,8,8,sum,wrong_masked_minus_language,33,-3.7292969953833204,-6.6681903901763935,-0.8739577335954619,0.696969696969697
id_tl,gemma3_4b,8,8,sum,correct_exact_minus_language,33,20.083075569886148,13.536335606635971,27.375485081090165,0.09090909090909091
id_tl,qwen25_7b,1,0,mean,wrong_exact_minus_language,33,-2.8305216846404644,-5.0215824027517755,-0.8565441976408747,0.6666666666666666
id_tl,qwen25_7b,1,0,mean,wrong_exact_minus_surface,33,0.3177336302958967,-1.8760337712161264,2.666738592712422,0.6060606060606061
id_tl,qwen25_7b,1,0,mean,wrong_exact_minus_masked,33,-0.9999228606395727,-2.5105965834765445,0.4425633352413888,0.6666666666666666
id_tl,qwen25_7b,1,0,mean,wrong_masked_minus_language,33,-1.8305988240008915,-3.5063290359545003,-0.343109154571401,0.6060606060606061
id_tl,qwen25_7b,1,0,mean,correct_exact_minus_language,33,10.486441800992136,8.151397308359833,12.89474866104465,0.06060606060606061
id_tl,qwen25_7b,1,0,sum,wrong_exact_minus_language,33,-3.487556391903181,-5.744657593702195,-1.4064515819670003,0.6363636363636364
id_tl,qwen25_7b,1,0,sum,wrong_exact_minus_surface,33,0.5136068280848902,-2.065177435802967,3.2598710910148463,0.5757575757575758
id_tl,qwen25_7b,1,0,sum,wrong_exact_minus_masked,33,-1.470194919818004,-2.9102413105697407,-0.12574737147555215,0.6666666666666666
id_tl,qwen25_7b,1,0,sum,wrong_masked_minus_language,33,-2.0173614720851774,-3.689889573334343,-0.41289840683748835,0.6363636363636364
id_tl,qwen25_7b,1,0,sum,correct_exact_minus_language,33,12.935274757776908,9.483091306729738,16.268142379031367,0.09090909090909091
id_tl,qwen25_7b,1,2,mean,wrong_exact_minus_language,33,-1.7801659695917127,-3.8004441200296935,-0.02167365137370159,0.6060606060606061
id_tl,qwen25_7b,1,2,mean,wrong_exact_minus_surface,33,0.31602198830412326,-1.0324911215187362,1.8026949324636166,0.6060606060606061
id_tl,qwen25_7b,1,2,mean,wrong_exact_minus_masked,33,0.04932545555866661,-0.8799028080101584,1.000600778417675,0.5454545454545454
id_tl,qwen25_7b,1,2,mean,wrong_masked_minus_language,33,-1.8294914251503793,-3.668897213821765,-0.2859075913022257,0.6363636363636364
id_tl,qwen25_7b,1,2,mean,correct_exact_minus_language,33,9.486838342311506,7.0989190588197255,12.211245754958775,0.030303030303030304
id_tl,qwen25_7b,1,2,sum,wrong_exact_minus_language,33,-2.465423590475423,-4.65409903393769,-0.5375600897523747,0.6666666666666666
id_tl,qwen25_7b,1,2,sum,wrong_exact_minus_surface,33,0.3906683348009365,-1.6860768125359142,2.4554020592273686,0.5757575757575758
id_tl,qwen25_7b,1,2,sum,wrong_exact_minus_masked,33,-0.3079562371625088,-1.3399324106963015,0.6711720465283635,0.6060606060606061
id_tl,qwen25_7b,1,2,sum,wrong_masked_minus_language,33,-2.1574673533129145,-4.110182389372493,-0.5392869855107821,0.6363636363636364
id_tl,qwen25_7b,1,2,sum,correct_exact_minus_language,33,11.664101944925909,8.35056049125556,15.162956694029553,0.06060606060606061
id_tl,qwen25_7b,1,8,mean,wrong_exact_minus_language,33,-1.493599809165973,-3.640894485685028,0.5222206900181109,0.6060606060606061
id_tl,qwen25_7b,1,8,mean,wrong_exact_minus_surface,33,0.9026924522387355,-0.6970481765105377,2.5892605918684444,0.5151515151515151
id_tl,qwen25_7b,1,8,mean,wrong_exact_minus_masked,33,-0.07343981520815886,-1.160506084281678,1.1326131420102645,0.5757575757575758
id_tl,qwen25_7b,1,8,mean,wrong_masked_minus_language,33,-1.420159993957814,-3.0613838391597255,-0.036063538454687315,0.5757575757575758
id_tl,qwen25_7b,1,8,mean,correct_exact_minus_language,33,9.096669830593534,6.599216503157037,11.97071717793605,0.030303030303030304
id_tl,qwen25_7b,1,8,sum,wrong_exact_minus_language,33,-2.226035925432207,-4.39680502980537,-0.2250311070351599,0.6363636363636364
id_tl,qwen25_7b,1,8,sum,wrong_exact_minus_surface,33,0.822273110064061,-1.0809131622211927,2.854619810799362,0.5757575757575758
id_tl,qwen25_7b,1,8,sum,wrong_exact_minus_masked,33,-0.6120636461996174,-1.572809349986347,0.3606342825179568,0.6363636363636364
id_tl,qwen25_7b,1,8,sum,wrong_masked_minus_language,33,-1.6139722792325892,-3.4465070702879057,-0.06574864384805114,0.5757575757575758
id_tl,qwen25_7b,1,8,sum,correct_exact_minus_language,33,11.473643089782193,8.37051005837557,14.837808734417989,0.09090909090909091
id_tl,qwen25_7b,4,0,mean,wrong_exact_minus_language,33,-2.0899686413697167,-4.150630368958501,-0.06116962115277007,0.6060606060606061
id_tl,qwen25_7b,4,0,mean,wrong_exact_minus_surface,33,0.40813937867201455,-1.4007408618524826,2.4340840252656015,0.6060606060606061
id_tl,qwen25_7b,4,0,mean,wrong_exact_minus_masked,33,-0.4123578710926019,-1.4283856385070868,0.7234649760007439,0.6060606060606061
id_tl,qwen25_7b,4,0,mean,wrong_masked_minus_language,33,-1.677610770277115,-3.3964807306614775,0.03926995217435568,0.6060606060606061
id_tl,qwen25_7b,4,0,mean,correct_exact_minus_language,33,11.170200468727147,8.597636421491298,13.926275099508738,0.06060606060606061
id_tl,qwen25_7b,4,0,sum,wrong_exact_minus_language,33,-2.909990478867919,-5.195161022271768,-0.5686981766736927,0.696969696969697
id_tl,qwen25_7b,4,0,sum,wrong_exact_minus_surface,33,0.34690832046820175,-1.8955374987531364,2.750270177447413,0.6060606060606061
id_tl,qwen25_7b,4,0,sum,wrong_exact_minus_masked,33,-0.976922105189949,-2.0065535467327926,0.07592835044955683,0.696969696969697
id_tl,qwen25_7b,4,0,sum,wrong_masked_minus_language,33,-1.9330683736779704,-3.883227669397435,-0.01974133903727027,0.6060606060606061
id_tl,qwen25_7b,4,0,sum,correct_exact_minus_language,33,13.639677886069737,9.95177126990245,17.371651735013764,0.09090909090909091
id_tl,qwen25_7b,4,2,mean,wrong_exact_minus_language,33,-1.7567740460879002,-3.6759356146185493,-0.1021145671174003,0.5454545454545454
id_tl,qwen25_7b,4,2,mean,wrong_exact_minus_surface,33,0.30659257170786747,-0.9855004110514648,1.7399107416112773,0.6060606060606061
id_tl,qwen25_7b,4,2,mean,wrong_exact_minus_masked,33,-0.007604050294805698,-0.7662878019474156,0.8147026765894023,0.5757575757575758
id_tl,qwen25_7b,4,2,mean,wrong_masked_minus_language,33,-1.7491699957930944,-3.414601204010207,-0.3405711093754524,0.6363636363636364
id_tl,qwen25_7b,4,2,mean,correct_exact_minus_language,33,10.65569194242936,8.208035031888112,13.434804297452251,0.0
id_tl,qwen25_7b,4,2,sum,wrong_exact_minus_language,33,-2.480506124592282,-4.494151801675308,-0.6596311760984308,0.6363636363636364
id_tl,qwen25_7b,4,2,sum,wrong_exact_minus_surface,33,0.3416768751763333,-1.6638359300571732,2.4009077886086887,0.6060606060606061
id_tl,qwen25_7b,4,2,sum,wrong_exact_minus_masked,33,-0.3409761177573457,-1.1865830175956062,0.5119681796492936,0.6060606060606061
id_tl,qwen25_7b,4,2,sum,wrong_masked_minus_language,33,-2.1395300068349363,-3.8499067556271056,-0.5596234631268977,0.7272727272727273
id_tl,qwen25_7b,4,2,sum,correct_exact_minus_language,33,13.178033320688296,9.894679545953585,16.620915417312318,0.06060606060606061
id_tl,qwen25_7b,4,8,mean,wrong_exact_minus_language,33,-2.2060661855661743,-4.1494006896064315,-0.4686665401769342,0.5757575757575758
id_tl,qwen25_7b,4,8,mean,wrong_exact_minus_surface,33,0.34173089874005225,-1.0969232394931498,1.9344258199728106,0.5454545454545454
id_tl,qwen25_7b,4,8,mean,wrong_exact_minus_masked,33,-0.43819367962670663,-1.4450000697906062,0.6114522825684445,0.5454545454545454
id_tl,qwen25_7b,4,8,mean,wrong_masked_minus_language,33,-1.7678725059394678,-3.424479718820967,-0.424143975608187,0.696969696969697
id_tl,qwen25_7b,4,8,mean,correct_exact_minus_language,33,10.068780360597884,7.520269585533287,12.917838356754707,0.0
id_tl,qwen25_7b,4,8,sum,wrong_exact_minus_language,33,-2.770933922341405,-4.818903503043552,-0.8916359131148622,0.6060606060606061
id_tl,qwen25_7b,4,8,sum,wrong_exact_minus_surface,33,0.5435499057145508,-1.306214990518338,2.526170895445852,0.5454545454545454
id_tl,qwen25_7b,4,8,sum,wrong_exact_minus_masked,33,-0.8392323832853106,-1.780798556442923,0.1307408163502149,0.6060606060606061
id_tl,qwen25_7b,4,8,sum,wrong_masked_minus_language,33,-1.9317015390560943,-3.819180752539031,-0.37841957051811564,0.6363636363636364
id_tl,qwen25_7b,4,8,sum,correct_exact_minus_language,33,12.633530333439756,9.268198524876281,16.09766976811251,0.09090909090909091
id_tl,qwen25_7b,8,0,mean,wrong_exact_minus_language,33,-2.436574291586029,-4.6140694482333355,-0.4389509447109691,0.6363636363636364
id_tl,qwen25_7b,8,0,mean,wrong_exact_minus_surface,33,0.2324371365345247,-1.4068866262358797,2.0345418014821144,0.5757575757575758
id_tl,qwen25_7b,8,0,mean,wrong_exact_minus_masked,33,-0.5164574811907096,-1.6715315129205721,0.6635621184652045,0.5757575757575758
id_tl,qwen25_7b,8,0,mean,wrong_masked_minus_language,33,-1.9201168103953192,-3.665765740421039,-0.22299597701523213,0.6666666666666666
id_tl,qwen25_7b,8,0,mean,correct_exact_minus_language,33,11.077744024815425,8.539344732135545,13.868492031549755,0.030303030303030304
id_tl,qwen25_7b,8,0,sum,wrong_exact_minus_language,33,-3.389855643769613,-5.631554073359704,-1.014796439311856,0.7272727272727273
id_tl,qwen25_7b,8,0,sum,wrong_exact_minus_surface,33,0.23356783286417976,-1.8996933150867168,2.5570338370779173,0.6060606060606061
id_tl,qwen25_7b,8,0,sum,wrong_exact_minus_masked,33,-1.06727243434359,-2.2651147309224586,0.10827904120365371,0.6363636363636364
id_tl,qwen25_7b,8,0,sum,wrong_masked_minus_language,33,-2.3225832094260226,-4.287067547885332,-0.3775125830230344,0.6363636363636364
id_tl,qwen25_7b,8,0,sum,correct_exact_minus_language,33,13.523616511807742,9.942121581723018,17.298126311759507,0.09090909090909091
id_tl,qwen25_7b,8,2,mean,wrong_exact_minus_language,33,-1.5812377789442142,-3.5040930093612044,0.06560864684876441,0.5454545454545454
id_tl,qwen25_7b,8,2,mean,wrong_exact_minus_surface,33,0.784710038509805,-0.6225412000083355,2.3326385183627143,0.5757575757575758
id_tl,qwen25_7b,8,2,mean,wrong_exact_minus_masked,33,-0.002349665254391112,-0.8847832513906085,0.8934166231406072,0.5454545454545454
id_tl,qwen25_7b,8,2,mean,wrong_masked_minus_language,33,-1.5788881136898232,-3.3616208955460793,-0.09513987915266157,0.5151515151515151
id_tl,qwen25_7b,8,2,mean,correct_exact_minus_language,33,10.797073381640732,8.360751156167481,13.49960644857633,0.0
id_tl,qwen25_7b,8,2,sum,wrong_exact_minus_language,33,-2.314611573987553,-4.25730070554311,-0.5024220209416606,0.6363636363636364
id_tl,qwen25_7b,8,2,sum,wrong_exact_minus_surface,33,0.7809026784856418,-1.3816552020284625,2.9819832161153927,0.5757575757575758
id_tl,qwen25_7b,8,2,sum,wrong_exact_minus_masked,33,-0.4288053831268807,-1.3904434110196722,0.5174757100603117,0.5757575757575758
id_tl,qwen25_7b,8,2,sum,wrong_masked_minus_language,33,-1.885806190860672,-3.85595165693204,-0.21398224387262518,0.48484848484848486
id_tl,qwen25_7b,8,2,sum,correct_exact_minus_language,33,13.224831841094064,9.882597238895617,16.725006522069933,0.09090909090909091
id_tl,qwen25_7b,8,8,mean,wrong_exact_minus_language,33,-2.1108594816095407,-4.06104734798488,-0.4591996642729716,0.5757575757575758
id_tl,qwen25_7b,8,8,mean,wrong_exact_minus_surface,33,0.4653717336031233,-1.052233038269724,2.1996934416058593,0.5454545454545454
id_tl,qwen25_7b,8,8,mean,wrong_exact_minus_masked,33,-0.4426615205016844,-1.5215649475537363,0.6678500291051794,0.5757575757575758
id_tl,qwen25_7b,8,8,mean,wrong_masked_minus_language,33,-1.6681979611078563,-3.3533006346366503,-0.31092838896791464,0.5151515151515151
id_tl,qwen25_7b,8,8,mean,correct_exact_minus_language,33,10.108744506727707,7.648107977108024,12.905268588009688,0.0
id_tl,qwen25_7b,8,8,sum,wrong_exact_minus_language,33,-2.7151350949272017,-4.647464605583074,-0.9204040827229849,0.696969696969697
id_tl,qwen25_7b,8,8,sum,wrong_exact_minus_surface,33,0.6069535541811836,-1.4020531627478539,2.7866289694392576,0.5454545454545454
id_tl,qwen25_7b,8,8,sum,wrong_exact_minus_masked,33,-0.9787960202477486,-1.9496823879101914,-0.004361844225787238,0.6363636363636364
id_tl,qwen25_7b,8,8,sum,wrong_masked_minus_language,33,-1.7363390746794531,-3.658234510990213,-0.09469788800148946,0.5454545454545454
id_tl,qwen25_7b,8,8,sum,correct_exact_minus_language,33,12.67870035611982,9.411374470244327,16.06025445737548,0.09090909090909091
id_tl,qwen3_8b,1,0,mean,wrong_exact_minus_language,33,-0.5004932374665232,-1.033819211251808,0.011816207567850099,0.6666666666666666
id_tl,qwen3_8b,1,0,mean,wrong_exact_minus_surface,33,-0.30418474023992365,-0.7056952447602243,0.095780914841276,0.6060606060606061
id_tl,qwen3_8b,1,0,mean,wrong_exact_minus_masked,33,-0.0629376642631762,-0.2996904463479013,0.1641302470004918,0.42424242424242425
id_tl,qwen3_8b,1,0,mean,wrong_masked_minus_language,33,-0.4375555732033469,-0.9812610525073427,0.03881729624488108,0.6060606060606061
id_tl,qwen3_8b,1,0,mean,correct_exact_minus_language,33,0.4791216127800219,-0.20548932082725294,1.1719728296453296,0.45454545454545453
id_tl,qwen3_8b,1,0,sum,wrong_exact_minus_language,33,-0.9892094930013021,-2.0181493499062277,-0.04534730911254907,0.6666666666666666
id_tl,qwen3_8b,1,0,sum,wrong_exact_minus_surface,33,-0.5979358210708156,-1.484528735189727,0.2971670439749045,0.6363636363636364
id_tl,qwen3_8b,1,0,sum,wrong_exact_minus_masked,33,-0.12239964803059895,-0.5482660524772874,0.26566935597044045,0.45454545454545453
id_tl,qwen3_8b,1,0,sum,wrong_masked_minus_language,33,-0.8668098449707031,-1.8137464552214653,-0.01866250182643094,0.6666666666666666
id_tl,qwen3_8b,1,0,sum,correct_exact_minus_language,33,1.2040498328931404,-0.17801869710286455,2.6623728246399847,0.3939393939393939
id_tl,qwen3_8b,1,2,mean,wrong_exact_minus_language,33,-0.5066998655145819,-0.9506801399317655,-0.09407671473243047,0.5757575757575758
id_tl,qwen3_8b,1,2,mean,wrong_exact_minus_surface,33,-0.41208301890980115,-1.0486291751717076,0.2266012921477809,0.6060606060606061
id_tl,qwen3_8b,1,2,mean,wrong_exact_minus_masked,33,-0.3489964658563787,-0.6315188487370809,-0.06637148206884234,0.6363636363636364
id_tl,qwen3_8b,1,2,mean,wrong_masked_minus_language,33,-0.15770339965820312,-0.5621054764949914,0.2220769354791347,0.5151515151515151
id_tl,qwen3_8b,1,2,mean,correct_exact_minus_language,33,2.0769532521565757,1.1475090073816705,3.0172760078401275,0.21212121212121213
id_tl,qwen3_8b,1,2,sum,wrong_exact_minus_language,33,-0.7093405868067886,-1.4756503300233321,0.04784236532269065,0.6060606060606061
id_tl,qwen3_8b,1,2,sum,wrong_exact_minus_surface,33,-0.8045659498734907,-1.660473836552013,0.02062872973355355,0.6666666666666666
id_tl,qwen3_8b,1,2,sum,wrong_exact_minus_masked,33,-0.5570659059466738,-1.1130426919821537,-0.02894782514283154,0.6363636363636364
id_tl,qwen3_8b,1,2,sum,wrong_masked_minus_language,33,-0.1522746808601148,-0.8380368015982889,0.4753189896092266,0.5151515151515151
id_tl,qwen3_8b,1,2,sum,correct_exact_minus_language,33,2.9742473255504263,1.398093860799616,4.634335146528301,0.21212121212121213
id_tl,qwen3_8b,1,8,mean,wrong_exact_minus_language,33,-0.5410197431390936,-0.997752701513695,-0.11113666548873471,0.6363636363636364
id_tl,qwen3_8b,1,8,mean,wrong_exact_minus_surface,33,-0.14828817772142816,-0.6364623499639106,0.3416361830451267,0.5757575757575758
id_tl,qwen3_8b,1,8,mean,wrong_exact_minus_masked,33,-0.388140057072495,-0.7465158971873197,-0.020034327651515305,0.6363636363636364
id_tl,qwen3_8b,1,8,mean,wrong_masked_minus_language,33,-0.1528796860665986,-0.5049844557588751,0.19574119394475745,0.5757575757575758
id_tl,qwen3_8b,1,8,mean,correct_exact_minus_language,33,2.464982538512259,1.5546746640494375,3.43744538155469,0.15151515151515152
id_tl,qwen3_8b,1,8,sum,wrong_exact_minus_language,33,-0.7066614555590081,-1.556234400922602,0.20086545366229408,0.6666666666666666
id_tl,qwen3_8b,1,8,sum,wrong_exact_minus_surface,33,-0.4489961970936168,-1.2148837826468728,0.33582109393495446,0.6363636363636364
id_tl,qwen3_8b,1,8,sum,wrong_exact_minus_masked,33,-0.6126397739757191,-1.2320240714333275,-0.013716348012288857,0.6060606060606061
id_tl,qwen3_8b,1,8,sum,wrong_masked_minus_language,33,-0.09402168158328894,-0.7483059066714662,0.5533257845676306,0.6363636363636364
id_tl,qwen3_8b,1,8,sum,correct_exact_minus_language,33,3.4873621969512016,1.761836421850956,5.315827064803153,0.18181818181818182
id_tl,qwen3_8b,4,0,mean,wrong_exact_minus_language,33,-0.2687025648174864,-0.7401647820617213,0.19080551393104273,0.6363636363636364
id_tl,qwen3_8b,4,0,mean,wrong_exact_minus_surface,33,-0.28294165929158527,-0.7620319294207023,0.2040852409420591,0.5757575757575758
id_tl,qwen3_8b,4,0,mean,wrong_exact_minus_masked,33,-0.12788794257424094,-0.4307855819210862,0.16406242269458185,0.5151515151515151
id_tl,qwen3_8b,4,0,mean,wrong_masked_minus_language,33,-0.14081462224324545,-0.5974053711602182,0.31566664919708715,0.5454545454545454
id_tl,qwen3_8b,4,0,mean,correct_exact_minus_language,33,1.5982251311793472,0.9437435453588312,2.291924328153783,0.24242424242424243
id_tl,qwen3_8b,4,0,sum,wrong_exact_minus_language,33,-0.43260152412183356,-1.1828461704832134,0.3664267395481918,0.6363636363636364
id_tl,qwen3_8b,4,0,sum,wrong_exact_minus_surface,33,-0.5865622433749113,-1.3083347465052748,0.15730417135989946,0.6060606060606061
id_tl,qwen3_8b,4,0,sum,wrong_exact_minus_masked,33,-0.16295906991669626,-0.5961345535336118,0.2965835000529427,0.5454545454545454
id_tl,qwen3_8b,4,0,sum,wrong_masked_minus_language,33,-0.2696424542051373,-1.0169194582736854,0.468427631349274,0.5757575757575758
id_tl,qwen3_8b,4,0,sum,correct_exact_minus_language,33,2.481134645866625,1.064894995544896,3.9104053598461728,0.2727272727272727
id_tl,qwen3_8b,4,2,mean,wrong_exact_minus_language,33,-0.2538155642422763,-0.7191972494125366,0.21531390312946191,0.5151515151515151
id_tl,qwen3_8b,4,2,mean,wrong_exact_minus_surface,33,-0.2190316373651678,-0.8558933687932563,0.4214890093514407,0.5454545454545454
id_tl,qwen3_8b,4,2,mean,wrong_exact_minus_masked,33,-0.22557463790431168,-0.5329475785746719,0.06394858035174245,0.6363636363636364
id_tl,qwen3_8b,4,2,mean,wrong_masked_minus_language,33,-0.028240926337964607,-0.38653443293137985,0.3214951724717109,0.5151515151515151
id_tl,qwen3_8b,4,2,mean,correct_exact_minus_language,33,2.265531048630223,1.3022841822017321,3.219721341855598,0.18181818181818182
id_tl,qwen3_8b,4,2,sum,wrong_exact_minus_language,33,-0.3810115294022994,-1.1140397411404235,0.3437451088067246,0.5454545454545454
id_tl,qwen3_8b,4,2,sum,wrong_exact_minus_surface,33,-0.7736045086022579,-1.6231678305250226,0.09555586612585806,0.5757575757575758
id_tl,qwen3_8b,4,2,sum,wrong_exact_minus_masked,33,-0.46549372239546344,-0.975405282685251,-0.01616882194172264,0.6363636363636364
id_tl,qwen3_8b,4,2,sum,wrong_masked_minus_language,33,0.08448219299316406,-0.5126744335347956,0.6162146850065751,0.45454545454545453
id_tl,qwen3_8b,4,2,sum,correct_exact_minus_language,33,3.1244484583536782,1.2834624088171755,4.963404538414693,0.24242424242424243
id_tl,qwen3_8b,4,8,mean,wrong_exact_minus_language,33,-0.326485604950876,-0.7742009282112121,0.08969807516444808,0.5454545454545454
id_tl,qwen3_8b,4,8,mean,wrong_exact_minus_surface,33,-0.16296599128029562,-0.6433644486196113,0.3300887548562249,0.5757575757575758
id_tl,qwen3_8b,4,8,mean,wrong_exact_minus_masked,33,-0.36119971130833484,-0.6527292490005493,-0.0792455662380566,0.6666666666666666
id_tl,qwen3_8b,4,8,mean,wrong_masked_minus_language,33,0.03471410635745886,-0.33819944714054917,0.41339728723872665,0.5151515151515151
id_tl,qwen3_8b,4,8,mean,correct_exact_minus_language,33,2.1617701848347983,1.3038862159757902,3.0365719264203843,0.21212121212121213
id_tl,qwen3_8b,4,8,sum,wrong_exact_minus_language,33,-0.6135964249119614,-1.3050014098485312,0.07662457119334772,0.5757575757575758
id_tl,qwen3_8b,4,8,sum,wrong_exact_minus_surface,33,-0.7717377922751687,-1.4823288209510572,-0.05326916954734144,0.6666666666666666
id_tl,qwen3_8b,4,8,sum,wrong_exact_minus_masked,33,-0.7585985877297141,-1.2144428686662152,-0.31457086331916617,0.7575757575757576
id_tl,qwen3_8b,4,8,sum,wrong_masked_minus_language,33,0.14500216281775272,-0.4787175518093687,0.7327164086428555,0.42424242424242425
id_tl,qwen3_8b,4,8,sum,correct_exact_minus_language,33,3.18212214383212,1.5402244546196677,5.023188872770829,0.24242424242424243
id_tl,qwen3_8b,8,0,mean,wrong_exact_minus_language,33,-0.2996338930996982,-0.7305724642493507,0.13356018210902357,0.6666666666666666
id_tl,qwen3_8b,8,0,mean,wrong_exact_minus_surface,33,-0.37160214510830963,-0.9254079977671306,0.15679848988850875,0.5757575757575758
id_tl,qwen3_8b,8,0,mean,wrong_exact_minus_masked,33,-0.43429340015758167,-0.8047464406851567,-0.09761555953459321,0.5757575757575758
id_tl,qwen3_8b,8,0,mean,wrong_masked_minus_language,33,0.13465950705788352,-0.3080288399349559,0.5860502152731925,0.48484848484848486
id_tl,qwen3_8b,8,0,mean,correct_exact_minus_language,33,1.687936696139249,0.9284715930620829,2.429359392325083,0.2727272727272727
id_tl,qwen3_8b,8,0,sum,wrong_exact_minus_language,33,-0.3973982839873343,-1.1151328693736684,0.31097596341913375,0.696969696969697
id_tl,qwen3_8b,8,0,sum,wrong_exact_minus_surface,33,-0.8347166234796698,-1.6576109568277997,-0.014117920037471999,0.6666666666666666
id_tl,qwen3_8b,8,0,sum,wrong_exact_minus_masked,33,-0.4675217830773556,-1.037946638916478,0.06195681311867453,0.6060606060606061
id_tl,qwen3_8b,8,0,sum,wrong_masked_minus_language,33,0.0701234990900213,-0.7453674735444964,0.8458990328239657,0.5151515151515151
id_tl,qwen3_8b,8,0,sum,correct_exact_minus_language,33,2.822137081261837,1.361666050824252,4.404942470608335,0.21212121212121213
id_tl,qwen3_8b,8,2,mean,wrong_exact_minus_language,33,-0.39400482177734375,-0.8601424690448877,0.06310661995049605,0.6060606060606061
id_tl,qwen3_8b,8,2,mean,wrong_exact_minus_surface,33,-0.23486195188580136,-0.8409659577138496,0.3751916101484577,0.5151515151515151
id_tl,qwen3_8b,8,2,mean,wrong_exact_minus_masked,33,-0.30599664919304126,-0.5989891532695655,0.014086780764839832,0.6363636363636364
id_tl,qwen3_8b,8,2,mean,wrong_masked_minus_language,33,-0.08800817258430249,-0.5495909423539133,0.3436442440206354,0.5151515151515151
id_tl,qwen3_8b,8,2,mean,correct_exact_minus_language,33,1.9172534653634736,1.0592593655441747,2.812720966700351,0.24242424242424243
id_tl,qwen3_8b,8,2,sum,wrong_exact_minus_language,33,-0.591256401755593,-1.2975616166085908,0.06967163808418038,0.6060606060606061
id_tl,qwen3_8b,8,2,sum,wrong_exact_minus_surface,33,-0.7707522999156605,-1.6338211276314476,0.041983728697805374,0.5757575757575758
id_tl,qwen3_8b,8,2,sum,wrong_exact_minus_masked,33,-0.6603948708736536,-1.1441946318655303,-0.20259549690015408,0.6666666666666666
id_tl,qwen3_8b,8,2,sum,wrong_masked_minus_language,33,0.06913846911806049,-0.6765662330569643,0.761851753610552,0.5151515151515151
id_tl,qwen3_8b,8,2,sum,correct_exact_minus_language,33,2.783819805492054,0.9440179189046224,4.527844023704526,0.24242424242424243
id_tl,qwen3_8b,8,8,mean,wrong_exact_minus_language,33,-0.5093860192732378,-0.9642270174893466,-0.06862852934635048,0.696969696969697
id_tl,qwen3_8b,8,8,mean,wrong_exact_minus_surface,33,-0.07241019335660068,-0.665779070781939,0.5094032233411615,0.48484848484848486
id_tl,qwen3_8b,8,8,mean,wrong_exact_minus_masked,33,-0.36265571189649176,-0.7049513069066135,-0.019524665312334398,0.6363636363636364
id_tl,qwen3_8b,8,8,mean,wrong_masked_minus_language,33,-0.14673030737674597,-0.5114267179460237,0.23644729094071812,0.6060606060606061
id_tl,qwen3_8b,8,8,mean,correct_exact_minus_language,33,2.0825799595225942,1.1693203976660065,2.98659082289898,0.30303030303030304
id_tl,qwen3_8b,8,8,sum,wrong_exact_minus_language,33,-0.8849110169844194,-1.5479712977553859,-0.24769622340346867,0.5757575757575758
id_tl,qwen3_8b,8,8,sum,wrong_exact_minus_surface,33,-0.5634789033369585,-1.4127778624043321,0.2328766504923497,0.5454545454545454
id_tl,qwen3_8b,8,8,sum,wrong_exact_minus_masked,33,-0.8526243152040424,-1.3725745013265898,-0.3571956807916815,0.7272727272727273
id_tl,qwen3_8b,8,8,sum,wrong_masked_minus_language,33,-0.032286701780377014,-0.5626632726553714,0.48215596170136416,0.5151515151515151
id_tl,qwen3_8b,8,8,sum,correct_exact_minus_language,33,2.9382366411613696,1.198304067958485,4.6569853753754575,0.24242424242424243
zh_ja,gemma3_12b,1,0,mean,wrong_exact_minus_language,27,-4.107054083901285,-6.323815515796283,-2.2903855452128625,0.7777777777777778
zh_ja,gemma3_12b,1,0,mean,wrong_exact_minus_surface,27,-4.403896042620073,-6.846185588491736,-2.297312985926315,0.8518518518518519
zh_ja,gemma3_12b,1,0,mean,wrong_exact_minus_masked,27,0.07778745666318745,-1.0915942477221876,1.2412973848499218,0.48148148148148145
zh_ja,gemma3_12b,1,0,mean,wrong_masked_minus_language,27,-4.184841540564473,-5.877192068426585,-2.671050252848201,0.8888888888888888
zh_ja,gemma3_12b,1,0,mean,correct_exact_minus_language,27,11.574591593859994,7.569289785373904,15.976894670324743,0.037037037037037035
zh_ja,gemma3_12b,1,0,sum,wrong_exact_minus_language,27,-6.741445830704093,-9.484019640409947,-4.083990589481847,0.8518518518518519
zh_ja,gemma3_12b,1,0,sum,wrong_exact_minus_surface,27,-7.953752192875577,-11.313256933916085,-4.704725161917446,0.8148148148148148
zh_ja,gemma3_12b,1,0,sum,wrong_exact_minus_masked,27,0.6681670611724257,-1.378113733760633,2.748010095558987,0.48148148148148145
zh_ja,gemma3_12b,1,0,sum,wrong_masked_minus_language,27,-7.4096128918765185,-9.875039170320896,-4.980881717564167,0.8888888888888888
zh_ja,gemma3_12b,1,0,sum,correct_exact_minus_language,27,20.370154002448544,14.185083545288029,26.683794647401747,0.07407407407407407
zh_ja,gemma3_12b,1,2,mean,wrong_exact_minus_language,27,-1.7326388367865648,-3.661716137133987,0.43955014559000427,0.7037037037037037
zh_ja,gemma3_12b,1,2,mean,wrong_exact_minus_surface,27,-2.038733525046458,-4.0304478768052325,-0.14302284628049514,0.6666666666666666
zh_ja,gemma3_12b,1,2,mean,wrong_exact_minus_masked,27,-0.8147752201357098,-2.2624985976123115,0.7882086924359165,0.5555555555555556
zh_ja,gemma3_12b,1,2,mean,wrong_masked_minus_language,27,-0.9178636166508551,-1.887486379938545,0.12742174685484242,0.7037037037037037
zh_ja,gemma3_12b,1,2,mean,correct_exact_minus_language,27,10.038205784780008,6.324638158769381,14.331884070789368,0.07407407407407407
zh_ja,gemma3_12b,1,2,sum,wrong_exact_minus_language,27,-3.147112706175971,-6.110498055529401,0.31076735751703155,0.7037037037037037
zh_ja,gemma3_12b,1,2,sum,wrong_exact_minus_surface,27,-4.092117382265213,-7.498440845127873,-0.8718060501605382,0.7037037037037037
zh_ja,gemma3_12b,1,2,sum,wrong_exact_minus_masked,27,-1.5573261654590842,-3.7866546501034732,0.7672982872153318,0.5555555555555556
zh_ja,gemma3_12b,1,2,sum,wrong_masked_minus_language,27,-1.5897865407168865,-3.140438714378548,0.00217123732522538,0.7037037037037037
zh_ja,gemma3_12b,1,2,sum,correct_exact_minus_language,27,17.310336214524728,11.648787978495022,23.524417947267214,0.14814814814814814
zh_ja,gemma3_12b,1,8,mean,wrong_exact_minus_language,27,-1.0194794931707696,-2.41606018671947,0.6794588241420031,0.7037037037037037
zh_ja,gemma3_12b,1,8,mean,wrong_exact_minus_surface,27,-0.9244270213810658,-2.250277474284586,0.5309978317012312,0.7407407407407407
zh_ja,gemma3_12b,1,8,mean,wrong_exact_minus_masked,27,-0.46379332308209054,-1.8175637821300403,1.199750188256061,0.7407407407407407
zh_ja,gemma3_12b,1,8,mean,wrong_masked_minus_language,27,-0.5556861700886792,-1.2596293601326005,0.09414700143992098,0.5925925925925926
zh_ja,gemma3_12b,1,8,mean,correct_exact_minus_language,27,9.726376960166144,6.177378932187437,13.568260051242584,0.07407407407407407
zh_ja,gemma3_12b,1,8,sum,wrong_exact_minus_language,27,-3.1597702321165277,-5.858594081378369,-0.02446060413990667,0.8148148148148148
zh_ja,gemma3_12b,1,8,sum,wrong_exact_minus_surface,27,-3.1024830309087754,-5.389216953287056,-0.7612449716431681,0.7407407407407407
zh_ja,gemma3_12b,1,8,sum,wrong_exact_minus_masked,27,-2.045742064110797,-4.446802345012677,0.6212223719163025,0.6296296296296297
zh_ja,gemma3_12b,1,8,sum,wrong_masked_minus_language,27,-1.114028168005731,-2.2501758680176596,0.07760772644369644,0.7407407407407407
zh_ja,gemma3_12b,1,8,sum,correct_exact_minus_language,27,16.166175447171554,11.015734040168656,21.811755356618356,0.07407407407407407
zh_ja,gemma3_12b,4,0,mean,wrong_exact_minus_language,27,-0.9827372634835128,-2.774773445715524,1.0600865688321548,0.7407407407407407
zh_ja,gemma3_12b,4,0,mean,wrong_exact_minus_surface,27,-1.8845426435064938,-3.5823891348343477,-0.15778143579114484,0.5925925925925926
zh_ja,gemma3_12b,4,0,mean,wrong_exact_minus_masked,27,1.0977859104362626,-0.4738521415184045,2.8237074898637777,0.37037037037037035
zh_ja,gemma3_12b,4,0,mean,wrong_masked_minus_language,27,-2.0805231739197754,-3.2222857505686715,-0.9188328483178618,0.7407407407407407
zh_ja,gemma3_12b,4,0,mean,correct_exact_minus_language,27,12.875728797797045,8.79288542714138,17.5426003282465,0.037037037037037035
zh_ja,gemma3_12b,4,0,sum,wrong_exact_minus_language,27,-1.413926946559783,-4.488181853824278,2.0516947421728164,0.7037037037037037
zh_ja,gemma3_12b,4,0,sum,wrong_exact_minus_surface,27,-3.110543156887784,-5.841175080112751,-0.3819169318432829,0.5925925925925926
zh_ja,gemma3_12b,4,0,sum,wrong_exact_minus_masked,27,2.1000257982458503,-0.009175616487239793,4.288830178060258,0.4074074074074074
zh_ja,gemma3_12b,4,0,sum,wrong_masked_minus_language,27,-3.5139527448056334,-5.493082315896647,-1.3878900956793658,0.8148148148148148
zh_ja,gemma3_12b,4,0,sum,correct_exact_minus_language,27,21.989337598637643,16.11467800802482,28.42967212589854,0.037037037037037035
zh_ja,gemma3_12b,4,2,mean,wrong_exact_minus_language,27,0.04516152568437435,-1.5259737650932812,2.0582395526563264,0.6296296296296297
zh_ja,gemma3_12b,4,2,mean,wrong_exact_minus_surface,27,-1.1998089158700571,-2.8793735007255306,0.6928385376895735,0.5925925925925926
zh_ja,gemma3_12b,4,2,mean,wrong_exact_minus_masked,27,0.642494864002974,-0.9157873043928434,2.4843077207363575,0.4074074074074074
zh_ja,gemma3_12b,4,2,mean,wrong_masked_minus_language,27,-0.5973333383185996,-1.3127625958269669,0.1166119536074492,0.5925925925925926
zh_ja,gemma3_12b,4,2,mean,correct_exact_minus_language,27,12.07387976989978,8.034440716066294,16.58858669935725,0.037037037037037035
zh_ja,gemma3_12b,4,2,sum,wrong_exact_minus_language,27,-0.49556827965985845,-3.1180186134107686,2.714440540388157,0.6666666666666666
zh_ja,gemma3_12b,4,2,sum,wrong_exact_minus_surface,27,-2.512793113167087,-5.156691549758047,0.22620791770103765,0.5555555555555556
zh_ja,gemma3_12b,4,2,sum,wrong_exact_minus_masked,27,0.49822830339824714,-1.566445004919337,2.8698786110548227,0.4444444444444444
zh_ja,gemma3_12b,4,2,sum,wrong_masked_minus_language,27,-0.9937965830581056,-2.3025376310641015,0.42164652019187165,0.7037037037037037
zh_ja,gemma3_12b,4,2,sum,correct_exact_minus_language,27,20.498888069625806,14.855571656875934,26.797599667978155,0.037037037037037035
zh_ja,gemma3_12b,4,8,mean,wrong_exact_minus_language,27,-0.3051997300030457,-1.7948275250710408,1.450018046443625,0.6666666666666666
zh_ja,gemma3_12b,4,8,mean,wrong_exact_minus_surface,27,-1.2984232286819153,-2.9824559300594653,0.5138589629446397,0.7407407407407407
zh_ja,gemma3_12b,4,8,mean,wrong_exact_minus_masked,27,0.10703566884277044,-1.150794034052847,1.7152865262736594,0.5925925925925926
zh_ja,gemma3_12b,4,8,mean,wrong_masked_minus_language,27,-0.4122353988458161,-1.1073539680016609,0.3253941120217645,0.5925925925925926
zh_ja,gemma3_12b,4,8,mean,correct_exact_minus_language,27,11.61427443964338,7.601606487099909,16.25906018671338,0.037037037037037035
zh_ja,gemma3_12b,4,8,sum,wrong_exact_minus_language,27,-1.6728105590920206,-4.2529204170297215,1.1857997139389789,0.7037037037037037
zh_ja,gemma3_12b,4,8,sum,wrong_exact_minus_surface,27,-3.098927239059574,-5.442256141265992,-0.8041694439473327,0.7407407407407407
zh_ja,gemma3_12b,4,8,sum,wrong_exact_minus_masked,27,-1.1419752459559176,-3.069839708586396,1.1660949490550456,0.7037037037037037
zh_ja,gemma3_12b,4,8,sum,wrong_masked_minus_language,27,-0.530835313136103,-1.771136728894069,0.9096330716024598,0.6296296296296297
zh_ja,gemma3_12b,4,8,sum,correct_exact_minus_language,27,19.505631489541244,13.661594792991806,25.57955737323155,0.07407407407407407
zh_ja,gemma3_12b,8,0,mean,wrong_exact_minus_language,27,-0.44265012673956033,-2.0200051595769497,1.4655039614288528,0.5555555555555556
zh_ja,gemma3_12b,8,0,mean,wrong_exact_minus_surface,27,-1.8682692882829104,-3.389876804320159,-0.309439928794963,0.6666666666666666
zh_ja,gemma3_12b,8,0,mean,wrong_exact_minus_masked,27,1.2545659018559727,-0.30376291110016473,3.068280709036669,0.3333333333333333
zh_ja,gemma3_12b,8,0,mean,wrong_masked_minus_language,27,-1.6972160285955329,-2.7515393417065583,-0.7159379975353944,0.7037037037037037
zh_ja,gemma3_12b,8,0,mean,correct_exact_minus_language,27,13.44983255233038,9.170647064393604,18.186993374043414,0.037037037037037035
zh_ja,gemma3_12b,8,0,sum,wrong_exact_minus_language,27,-0.7514227115855276,-3.371257693034056,2.525971542708673,0.6296296296296297
zh_ja,gemma3_12b,8,0,sum,wrong_exact_minus_surface,27,-2.915943774153237,-5.522970245892389,-0.42970390126747565,0.6296296296296297
zh_ja,gemma3_12b,8,0,sum,wrong_exact_minus_masked,27,2.41201442859515,0.07127240211961587,4.77433339697739,0.37037037037037035
zh_ja,gemma3_12b,8,0,sum,wrong_masked_minus_language,27,-3.163437140180678,-4.8906918942024475,-1.3211348388957957,0.7777777777777778
zh_ja,gemma3_12b,8,0,sum,correct_exact_minus_language,27,22.967945089264067,16.957803711240963,29.341524913371806,0.0
zh_ja,gemma3_12b,8,2,mean,wrong_exact_minus_language,27,-0.19528757178017664,-1.633859956552516,1.7805376368367836,0.6296296296296297
zh_ja,gemma3_12b,8,2,mean,wrong_exact_minus_surface,27,-1.2025080731793962,-2.7211584957385506,0.5843547672201412,0.6296296296296297
zh_ja,gemma3_12b,8,2,mean,wrong_exact_minus_masked,27,0.6302954186685383,-0.7132840671464455,2.32711146981412,0.5185185185185185
zh_ja,gemma3_12b,8,2,mean,wrong_masked_minus_language,27,-0.825582990448715,-1.5849221842691166,-0.047304702602991244,0.6666666666666666
zh_ja,gemma3_12b,8,2,mean,correct_exact_minus_language,27,12.1016868286059,8.120712095030791,16.75248560685949,0.037037037037037035
zh_ja,gemma3_12b,8,2,sum,wrong_exact_minus_language,27,-0.9690682776703464,-3.695433722483641,2.196562593706874,0.7037037037037037
zh_ja,gemma3_12b,8,2,sum,wrong_exact_minus_surface,27,-2.527823347063666,-5.033560159672224,0.122177160614065,0.5925925925925926
zh_ja,gemma3_12b,8,2,sum,wrong_exact_minus_masked,27,0.22415167346803677,-1.680924575144632,2.4729759270752134,0.5555555555555556
zh_ja,gemma3_12b,8,2,sum,wrong_masked_minus_language,27,-1.1932199511383832,-2.688701351247814,0.435493441395185,0.7037037037037037
zh_ja,gemma3_12b,8,2,sum,correct_exact_minus_language,27,20.646751358216903,14.7181132347392,27.02739434062516,0.037037037037037035
zh_ja,gemma3_12b,8,8,mean,wrong_exact_minus_language,27,-0.30898251182278963,-1.76244220147513,1.4164714604466333,0.6666666666666666
zh_ja,gemma3_12b,8,8,mean,wrong_exact_minus_surface,27,-1.591618778925665,-3.2612479991727956,0.18147907284545406,0.6296296296296297
zh_ja,gemma3_12b,8,8,mean,wrong_exact_minus_masked,27,-0.025261727230692352,-1.272352195611327,1.5634585033826252,0.6296296296296297
zh_ja,gemma3_12b,8,8,mean,wrong_masked_minus_language,27,-0.28372078459209726,-1.0382277534315276,0.504650338535322,0.6666666666666666
zh_ja,gemma3_12b,8,8,mean,correct_exact_minus_language,27,12.144718477368803,8.0388017246283,16.923229539837724,0.037037037037037035
zh_ja,gemma3_12b,8,8,sum,wrong_exact_minus_language,27,-1.5629498939745612,-4.341524605738232,1.4540837029803564,0.6666666666666666
zh_ja,gemma3_12b,8,8,sum,wrong_exact_minus_surface,27,-3.6889575556851923,-6.074458716870975,-1.2665699965902653,0.7037037037037037
zh_ja,gemma3_12b,8,8,sum,wrong_exact_minus_masked,27,-1.396153546490327,-3.4150726760384043,0.8178086632310793,0.6666666666666666
zh_ja,gemma3_12b,8,8,sum,wrong_masked_minus_language,27,-0.16679634748423403,-1.6116138817366272,1.4687924749988623,0.5925925925925926
zh_ja,gemma3_12b,8,8,sum,correct_exact_minus_language,27,20.743419727866744,14.544029184476111,27.396630232204373,0.07407407407407407
zh_ja,gemma3_4b,1,0,mean,wrong_exact_minus_language,27,-4.991648682841548,-8.487181272771624,-2.2592156257894316,0.7777777777777778
zh_ja,gemma3_4b,1,0,mean,wrong_exact_minus_surface,27,-2.4332096576690674,-5.688622380517147,0.3920390157787883,0.6296296296296297
zh_ja,gemma3_4b,1,0,mean,wrong_exact_minus_masked,27,-1.9580806537910744,-3.8027960846821465,-0.23496583876786453,0.7037037037037037
zh_ja,gemma3_4b,1,0,mean,wrong_masked_minus_language,27,-3.033568029050474,-5.84010442716104,-0.7534041312005813,0.7777777777777778
zh_ja,gemma3_4b,1,0,mean,correct_exact_minus_language,27,14.728775607215034,9.667477751219714,20.463544673610606,0.037037037037037035
zh_ja,gemma3_4b,1,0,sum,wrong_exact_minus_language,27,-9.38588727845086,-13.980421742024244,-5.305561056622754,0.7777777777777778
zh_ja,gemma3_4b,1,0,sum,wrong_exact_minus_surface,27,-4.304782673164651,-9.629028853222177,0.8010632364838188,0.6296296296296297
zh_ja,gemma3_4b,1,0,sum,wrong_exact_minus_masked,27,-3.6425250106387668,-7.587791243747429,-0.32136685318417346,0.7407407407407407
zh_ja,gemma3_4b,1,0,sum,wrong_masked_minus_language,27,-5.743362267812093,-9.972566077444288,-1.8516674478848794,0.8518518518518519
zh_ja,gemma3_4b,1,0,sum,correct_exact_minus_language,27,24.26376590905366,17.084787769229326,32.19738198077237,0.1111111111111111
zh_ja,gemma3_4b,1,2,mean,wrong_exact_minus_language,27,-4.428330070442623,-7.864030114533724,-1.7985240480966038,0.7777777777777778
zh_ja,gemma3_4b,1,2,mean,wrong_exact_minus_surface,27,0.1513316962454054,-2.5938462111133114,3.0010621576949403,0.5185185185185185
zh_ja,gemma3_4b,1,2,mean,wrong_exact_minus_masked,27,-2.6421455299412764,-5.062849652436045,-0.7554317096317275,0.6666666666666666
zh_ja,gemma3_4b,1,2,mean,wrong_masked_minus_language,27,-1.7861845405013472,-3.6230115819860385,-0.2462037150506637,0.5925925925925926
zh_ja,gemma3_4b,1,2,mean,correct_exact_minus_language,27,12.543122194431445,7.79938369040136,18.130259826668986,0.037037037037037035
zh_ja,gemma3_4b,1,2,sum,wrong_exact_minus_language,27,-9.458870519090581,-14.699556316324959,-4.90809973754265,0.7777777777777778
zh_ja,gemma3_4b,1,2,sum,wrong_exact_minus_surface,27,0.08785367674297756,-5.147518512441053,5.015438272776424,0.5555555555555556
zh_ja,gemma3_4b,1,2,sum,wrong_exact_minus_masked,27,-6.322642240259382,-10.656992472432279,-2.367499437045174,0.7407407407407407
zh_ja,gemma3_4b,1,2,sum,wrong_masked_minus_language,27,-3.1362282788311995,-6.727091138009672,-0.33442302853973255,0.5925925925925926
zh_ja,gemma3_4b,1,2,sum,correct_exact_minus_language,27,19.59489091237386,12.96453981752749,26.4220491444623,0.07407407407407407
zh_ja,gemma3_4b,1,8,mean,wrong_exact_minus_language,27,-5.310346539373751,-8.089907741325874,-3.066957824263308,0.8888888888888888
zh_ja,gemma3_4b,1,8,mean,wrong_exact_minus_surface,27,1.3653356874430622,-1.1952646100962603,4.169100111502184,0.4444444444444444
zh_ja,gemma3_4b,1,8,mean,wrong_exact_minus_masked,27,-3.8074539789447077,-6.776698630772255,-1.4014496963333216,0.8518518518518519
zh_ja,gemma3_4b,1,8,mean,wrong_masked_minus_language,27,-1.5028925604290433,-2.929462135831515,-0.3253602919755161,0.7037037037037037
zh_ja,gemma3_4b,1,8,mean,correct_exact_minus_language,27,9.69811921649509,5.640878865012416,14.496449567653512,0.07407407407407407
zh_ja,gemma3_4b,1,8,sum,wrong_exact_minus_language,27,-10.772746913962894,-15.219030839259977,-6.710292289819984,0.9259259259259259
zh_ja,gemma3_4b,1,8,sum,wrong_exact_minus_surface,27,1.7566677486454998,-3.4452208266765982,6.895098237803683,0.48148148148148145
zh_ja,gemma3_4b,1,8,sum,wrong_exact_minus_masked,27,-7.63194258345498,-12.746492298444112,-3.0887378793623714,0.8518518518518519
zh_ja,gemma3_4b,1,8,sum,wrong_masked_minus_language,27,-3.140804330507914,-6.396844752850356,-0.708640974428919,0.7037037037037037
zh_ja,gemma3_4b,1,8,sum,correct_exact_minus_language,27,14.182269043392605,8.997963375736166,20.057316574564684,0.14814814814814814
zh_ja,gemma3_4b,4,0,mean,wrong_exact_minus_language,27,-4.4847993497495295,-7.22563314239184,-2.3221280025111306,0.8148148148148148
zh_ja,gemma3_4b,4,0,mean,wrong_exact_minus_surface,27,-1.2929539371419836,-3.0788533965746563,0.5065405895312625,0.5555555555555556
zh_ja,gemma3_4b,4,0,mean,wrong_exact_minus_masked,27,-1.858735857186494,-3.354396092229419,-0.4144480057336671,0.6296296296296297
zh_ja,gemma3_4b,4,0,mean,wrong_masked_minus_language,27,-2.626063492563036,-5.226553569789286,-0.5100454714563186,0.6296296296296297
zh_ja,gemma3_4b,4,0,mean,correct_exact_minus_language,27,16.08303834773876,10.645789406476197,22.350504706744786,0.0
zh_ja,gemma3_4b,4,0,sum,wrong_exact_minus_language,27,-8.768301760708844,-12.552952948985277,-5.341773736035387,0.8518518518518519
zh_ja,gemma3_4b,4,0,sum,wrong_exact_minus_surface,27,-3.724935593428435,-7.84959249275702,0.39970119198163,0.6666666666666666
zh_ja,gemma3_4b,4,0,sum,wrong_exact_minus_masked,27,-3.786804406731217,-6.81134769320488,-0.911987919829513,0.6296296296296297
zh_ja,gemma3_4b,4,0,sum,wrong_masked_minus_language,27,-4.981497353977627,-8.762866324958978,-1.482013961562408,0.7407407407407407
zh_ja,gemma3_4b,4,0,sum,correct_exact_minus_language,27,28.285811755392288,19.8862733454616,37.14092682898045,0.037037037037037035
zh_ja,gemma3_4b,4,2,mean,wrong_exact_minus_language,27,-3.7292530360045255,-6.303930658322793,-1.5488989679901706,0.7407407407407407
zh_ja,gemma3_4b,4,2,mean,wrong_exact_minus_surface,27,0.04543875764917444,-1.947349034636109,2.067080892015385,0.5555555555555556
zh_ja,gemma3_4b,4,2,mean,wrong_exact_minus_masked,27,-2.4290962484147816,-4.2464490530667485,-0.6536079835008699,0.7037037037037037
zh_ja,gemma3_4b,4,2,mean,wrong_masked_minus_language,27,-1.3001567875897442,-2.8815903798297597,0.04543125099605954,0.6666666666666666
zh_ja,gemma3_4b,4,2,mean,correct_exact_minus_language,27,15.414260731803047,10.12730091876454,21.65367458882155,0.0
zh_ja,gemma3_4b,4,2,sum,wrong_exact_minus_language,27,-8.062324126561483,-12.150847242275873,-4.400742903682925,0.7777777777777778
zh_ja,gemma3_4b,4,2,sum,wrong_exact_minus_surface,27,-1.0390480712608055,-5.493768586494305,3.5269333503864426,0.5925925925925926
zh_ja,gemma3_4b,4,2,sum,wrong_exact_minus_masked,27,-6.074129828700313,-10.11558401496322,-2.483670500472742,0.7037037037037037
zh_ja,gemma3_4b,4,2,sum,wrong_masked_minus_language,27,-1.98819429786117,-5.283770293659634,0.8040352088433719,0.6296296296296297
zh_ja,gemma3_4b,4,2,sum,correct_exact_minus_language,27,25.941106690300835,18.02758557708175,34.584912950021234,0.037037037037037035
zh_ja,gemma3_4b,4,8,mean,wrong_exact_minus_language,27,-3.9507065040093883,-6.860145886407958,-1.361182388221777,0.7777777777777778
zh_ja,gemma3_4b,4,8,mean,wrong_exact_minus_surface,27,1.3419789252457794,-0.6321469510043108,3.434570272542811,0.4074074074074074
zh_ja,gemma3_4b,4,8,mean,wrong_exact_minus_masked,27,-2.921713082878678,-5.811498079476533,-0.7149633654841671,0.7777777777777778
zh_ja,gemma3_4b,4,8,mean,wrong_masked_minus_language,27,-1.0289934211307101,-2.535278972431465,0.36401163052629515,0.6296296296296297
zh_ja,gemma3_4b,4,8,mean,correct_exact_minus_language,27,13.02497766636036,7.714030101343438,19.292780316759032,0.037037037037037035
zh_ja,gemma3_4b,4,8,sum,wrong_exact_minus_language,27,-8.679383141023141,-13.745035025146272,-3.978698934669852,0.7777777777777778
zh_ja,gemma3_4b,4,8,sum,wrong_exact_minus_surface,27,1.1019310200655903,-3.1409429119692907,5.434303431599223,0.4444444444444444
zh_ja,gemma3_4b,4,8,sum,wrong_exact_minus_masked,27,-6.836181397791262,-11.869467929116002,-2.6080569746317708,0.7037037037037037
zh_ja,gemma3_4b,4,8,sum,wrong_masked_minus_language,27,-1.8432017432318792,-5.031310583927014,1.1686877528826392,0.5555555555555556
zh_ja,gemma3_4b,4,8,sum,correct_exact_minus_language,27,20.79861394564311,12.901836552884845,29.68803092947712,0.1111111111111111
zh_ja,gemma3_4b,8,0,mean,wrong_exact_minus_language,27,-4.119655697434037,-6.8432316099052075,-1.9667345645251118,0.8148148148148148
zh_ja,gemma3_4b,8,0,mean,wrong_exact_minus_surface,27,-0.6627901130252414,-2.394598627752728,1.0241154757914706,0.5555555555555556
zh_ja,gemma3_4b,8,0,mean,wrong_exact_minus_masked,27,-1.3190925562823261,-2.8713195348227467,0.17586365860921352,0.5925925925925926
zh_ja,gemma3_4b,8,0,mean,wrong_masked_minus_language,27,-2.8005631411517107,-5.6035052928659645,-0.37959033846855345,0.7037037037037037
zh_ja,gemma3_4b,8,0,mean,correct_exact_minus_language,27,15.687698408409402,10.197260063997021,22.017184051760918,0.037037037037037035
zh_ja,gemma3_4b,8,0,sum,wrong_exact_minus_language,27,-8.62720255057017,-12.30617165123975,-5.00892121129566,0.8518518518518519
zh_ja,gemma3_4b,8,0,sum,wrong_exact_minus_surface,27,-3.384528711990074,-7.002348435697732,0.2483268488336399,0.6666666666666666
zh_ja,gemma3_4b,8,0,sum,wrong_exact_minus_masked,27,-3.1353371717311718,-6.685513841002076,0.03808343476719218,0.5925925925925926
zh_ja,gemma3_4b,8,0,sum,wrong_masked_minus_language,27,-5.491865378838998,-9.51754055707543,-1.5910269300142925,0.7777777777777778
zh_ja,gemma3_4b,8,0,sum,correct_exact_minus_language,27,27.11892087812777,18.368170608083407,36.594211180342555,0.07407407407407407
zh_ja,gemma3_4b,8,2,mean,wrong_exact_minus_language,27,-3.904499954647488,-6.606525797093356,-1.7057986208686133,0.7407407407407407
zh_ja,gemma3_4b,8,2,mean,wrong_exact_minus_surface,27,0.21876755467167608,-1.728704775704278,2.173780349448872,0.5925925925925926
zh_ja,gemma3_4b,8,2,mean,wrong_exact_minus_masked,27,-2.3870555383187755,-4.61781583627065,-0.46428572336832735,0.6666666666666666
zh_ja,gemma3_4b,8,2,mean,wrong_masked_minus_language,27,-1.5174444163287129,-2.746433330906762,-0.42976541430861936,0.7037037037037037
zh_ja,gemma3_4b,8,2,mean,correct_exact_minus_language,27,15.31572781668769,9.862610835057719,21.631365220414263,0.0
zh_ja,gemma3_4b,8,2,sum,wrong_exact_minus_language,27,-8.56188808547126,-13.00923798834836,-4.5479094509725275,0.7407407407407407
zh_ja,gemma3_4b,8,2,sum,wrong_exact_minus_surface,27,-1.1317313423863165,-5.269410781948655,2.983177535622207,0.6296296296296297
zh_ja,gemma3_4b,8,2,sum,wrong_exact_minus_masked,27,-5.902014935458148,-10.331908883651097,-2.0352467389018494,0.5555555555555556
zh_ja,gemma3_4b,8,2,sum,wrong_masked_minus_language,27,-2.6598731500131114,-5.13812516508279,-0.48486015553827666,0.7037037037037037
zh_ja,gemma3_4b,8,2,sum,correct_exact_minus_language,27,26.082673735088772,17.91225425115338,35.43086234794721,0.07407407407407407
zh_ja,gemma3_4b,8,8,mean,wrong_exact_minus_language,27,-3.755454911126031,-6.468528161667011,-1.3786571522553766,0.7407407407407407
zh_ja,gemma3_4b,8,8,mean,wrong_exact_minus_surface,27,1.9223139374344438,-0.028639483451843223,3.8860724599273113,0.3333333333333333
zh_ja,gemma3_4b,8,8,mean,wrong_exact_minus_masked,27,-2.567213182096128,-5.290142332624506,-0.36521712254594996,0.5925925925925926
zh_ja,gemma3_4b,8,8,mean,wrong_masked_minus_language,27,-1.1882417290299028,-2.6486825905464313,0.24886234159822723,0.7407407407407407
zh_ja,gemma3_4b,8,8,mean,correct_exact_minus_language,27,13.43919571240743,7.970204636123445,19.65097981007011,0.037037037037037035
zh_ja,gemma3_4b,8,8,sum,wrong_exact_minus_language,27,-8.285479836993748,-13.406728681370065,-3.555589019148444,0.7407407407407407
zh_ja,gemma3_4b,8,8,sum,wrong_exact_minus_surface,27,2.2266236499503806,-2.440835500425763,6.754388161279524,0.4444444444444444
zh_ja,gemma3_4b,8,8,sum,wrong_exact_minus_masked,27,-5.987741911852801,-10.65335174622359,-1.7634781382702016,0.6296296296296297
zh_ja,gemma3_4b,8,8,sum,wrong_masked_minus_language,27,-2.297737925140946,-5.710168579110393,1.006096882511068,0.7037037037037037
zh_ja,gemma3_4b,8,8,sum,correct_exact_minus_language,27,22.000976774427627,13.810236681169934,30.850708082207923,0.07407407407407407
zh_ja,qwen25_7b,1,0,mean,wrong_exact_minus_language,27,-3.8380269176688873,-5.850382026199777,-2.3337143637214077,0.9259259259259259
zh_ja,qwen25_7b,1,0,mean,wrong_exact_minus_surface,27,-2.603439765835733,-4.352113116977313,-1.1393194932639341,0.7407407407407407
zh_ja,qwen25_7b,1,0,mean,wrong_exact_minus_masked,27,-1.0053108556247834,-2.6914411020779947,0.16960459865383873,0.6666666666666666
zh_ja,qwen25_7b,1,0,mean,wrong_masked_minus_language,27,-2.832716062044104,-3.842669143572588,-1.8650960452319987,0.9629629629629629
zh_ja,qwen25_7b,1,0,mean,correct_exact_minus_language,27,3.7348832667339593,1.9253750610128648,5.798599266015742,0.18518518518518517
zh_ja,qwen25_7b,1,0,sum,wrong_exact_minus_language,27,-8.035230127154607,-11.301852159817805,-5.192974408195762,0.8888888888888888
zh_ja,qwen25_7b,1,0,sum,wrong_exact_minus_surface,27,-5.731618484577026,-8.604818809222154,-2.968473334560233,0.7407407407407407
zh_ja,qwen25_7b,1,0,sum,wrong_exact_minus_masked,27,-1.403453624177793,-3.9758678662618707,0.9213960167203805,0.6296296296296297
zh_ja,qwen25_7b,1,0,sum,wrong_masked_minus_language,27,-6.631776502976815,-9.33664591506089,-4.193602754210157,0.9629629629629629
zh_ja,qwen25_7b,1,0,sum,correct_exact_minus_language,27,8.44163330474489,4.202426250579904,13.574834406575723,0.25925925925925924
zh_ja,qwen25_7b,1,2,mean,wrong_exact_minus_language,27,-2.0186850399779224,-3.3727480599449744,-0.8899244734741474,0.7777777777777778
zh_ja,qwen25_7b,1,2,mean,wrong_exact_minus_surface,27,-0.6335320970371228,-1.9310529240557959,0.4526901641923113,0.5185185185185185
zh_ja,qwen25_7b,1,2,mean,wrong_exact_minus_masked,27,-0.7264913393150049,-1.9493926138806812,0.13356320823551354,0.5925925925925926
zh_ja,qwen25_7b,1,2,mean,wrong_masked_minus_language,27,-1.2921937006629176,-1.9396386114000859,-0.6696226838958907,0.8148148148148148
zh_ja,qwen25_7b,1,2,mean,correct_exact_minus_language,27,3.112981854273972,1.6993099902101136,4.841593784918681,0.1111111111111111
zh_ja,qwen25_7b,1,2,sum,wrong_exact_minus_language,27,-3.6981092189369655,-6.1967317152238035,-1.5180211281537597,0.7407407407407407
zh_ja,qwen25_7b,1,2,sum,wrong_exact_minus_surface,27,-1.4704490124196228,-3.6234297838544958,0.4280190379044062,0.7037037037037037
zh_ja,qwen25_7b,1,2,sum,wrong_exact_minus_masked,27,-0.7969851457444882,-2.8335827630659978,0.7203721566798356,0.5185185185185185
zh_ja,qwen25_7b,1,2,sum,wrong_masked_minus_language,27,-2.9011240731924772,-4.880743991198984,-1.1533237819577125,0.7777777777777778
zh_ja,qwen25_7b,1,2,sum,correct_exact_minus_language,27,7.795011877108158,4.1964184424895965,11.84223957767869,0.18518518518518517
zh_ja,qwen25_7b,1,8,mean,wrong_exact_minus_language,27,-1.5895236668314923,-2.984531537961232,-0.6189851646238288,0.7777777777777778
zh_ja,qwen25_7b,1,8,mean,wrong_exact_minus_surface,27,-0.21019189468481475,-1.2917300304911028,0.6074834151874744,0.5185185185185185
zh_ja,qwen25_7b,1,8,mean,wrong_exact_minus_masked,27,-1.040153637373199,-2.1568302644502926,-0.28358742266772674,0.6296296296296297
zh_ja,qwen25_7b,1,8,mean,wrong_masked_minus_language,27,-0.5493700294582932,-1.0376927983671151,-0.09259658279156123,0.7037037037037037
zh_ja,qwen25_7b,1,8,mean,correct_exact_minus_language,27,2.916729826566384,1.4919656518812259,4.55786512721787,0.2222222222222222
zh_ja,qwen25_7b,1,8,sum,wrong_exact_minus_language,27,-3.057087490800768,-5.207087428200369,-1.1293819146131652,0.7407407407407407
zh_ja,qwen25_7b,1,8,sum,wrong_exact_minus_surface,27,-0.7346138257567806,-2.583347128149277,0.9369828320897383,0.6296296296296297
zh_ja,qwen25_7b,1,8,sum,wrong_exact_minus_masked,27,-1.8142105378038078,-3.6848555229815516,-0.4610300135734077,0.6666666666666666
zh_ja,qwen25_7b,1,8,sum,wrong_masked_minus_language,27,-1.2428769529969603,-2.5974781490258736,-0.0319610488635528,0.7407407407407407
zh_ja,qwen25_7b,1,8,sum,correct_exact_minus_language,27,7.674116073469459,4.146405686596323,11.717774962208283,0.2962962962962963
zh_ja,qwen25_7b,4,0,mean,wrong_exact_minus_language,27,-2.588858737817241,-4.234887567629038,-1.3275125866367792,0.8518518518518519
zh_ja,qwen25_7b,4,0,mean,wrong_exact_minus_surface,27,-1.4336813463381044,-2.796317733958777,-0.24545593045100036,0.5925925925925926
zh_ja,qwen25_7b,4,0,mean,wrong_exact_minus_masked,27,-0.6990619440459542,-2.0895510131062043,0.39249413746098527,0.6296296296296297
zh_ja,qwen25_7b,4,0,mean,wrong_masked_minus_language,27,-1.8897967937712867,-2.637958084872096,-1.1593819228777043,0.8148148148148148
zh_ja,qwen25_7b,4,0,mean,correct_exact_minus_language,27,4.186852407378696,2.4951422351102033,6.164594544045607,0.18518518518518517
zh_ja,qwen25_7b,4,0,sum,wrong_exact_minus_language,27,-4.935005667205486,-7.426176729044635,-2.7118402750800477,0.8518518518518519
zh_ja,qwen25_7b,4,0,sum,wrong_exact_minus_surface,27,-3.674692510868664,-5.982829317710949,-1.4613746007145563,0.6666666666666666
zh_ja,qwen25_7b,4,0,sum,wrong_exact_minus_masked,27,-0.25108727985234175,-2.541803623458233,1.849091622674905,0.6666666666666666
zh_ja,qwen25_7b,4,0,sum,wrong_masked_minus_language,27,-4.6839183873531445,-6.709878434527976,-2.8883215099702495,0.8148148148148148
zh_ja,qwen25_7b,4,0,sum,correct_exact_minus_language,27,9.801872856966737,5.764218976537059,14.58194533674331,0.14814814814814814
zh_ja,qwen25_7b,4,2,mean,wrong_exact_minus_language,27,-2.12157225231985,-3.8036784009848446,-0.8307954290905469,0.7037037037037037
zh_ja,qwen25_7b,4,2,mean,wrong_exact_minus_surface,27,-0.9404618948249629,-2.4641850898016453,0.257587622157815,0.5555555555555556
zh_ja,qwen25_7b,4,2,mean,wrong_exact_minus_masked,27,-0.6049078688223811,-2.069833981414774,0.39420973742951976,0.5185185185185185
zh_ja,qwen25_7b,4,2,mean,wrong_masked_minus_language,27,-1.5166643834974687,-2.2263417352437194,-0.8362451643851175,0.8148148148148148
zh_ja,qwen25_7b,4,2,mean,correct_exact_minus_language,27,3.5767276079644,1.9266030393752132,5.470164353451885,0.18518518518518517
zh_ja,qwen25_7b,4,2,sum,wrong_exact_minus_language,27,-3.537214593211603,-6.348631893028936,-1.023645562495547,0.7037037037037037
zh_ja,qwen25_7b,4,2,sum,wrong_exact_minus_surface,27,-2.1587798857406058,-4.437786712328886,-0.2784387388370105,0.6296296296296297
zh_ja,qwen25_7b,4,2,sum,wrong_exact_minus_masked,27,-0.039888753706623835,-2.3299192358339766,1.7766584802025498,0.5555555555555556
zh_ja,qwen25_7b,4,2,sum,wrong_masked_minus_language,27,-3.497325839504979,-5.417584279933039,-1.7757693505036447,0.8148148148148148
zh_ja,qwen25_7b,4,2,sum,correct_exact_minus_language,27,9.076858110117932,5.182363883720568,13.5866233394326,0.14814814814814814
zh_ja,qwen25_7b,4,8,mean,wrong_exact_minus_language,27,-1.816264289148859,-3.1341531308962858,-0.742606389061742,0.7777777777777778
zh_ja,qwen25_7b,4,8,mean,wrong_exact_minus_surface,27,-0.5906135883458234,-1.7401839138370834,0.3392748677715038,0.48148148148148145
zh_ja,qwen25_7b,4,8,mean,wrong_exact_minus_masked,27,-0.8437899717871375,-2.096921105076628,0.01874257345485497,0.5925925925925926
zh_ja,qwen25_7b,4,8,mean,wrong_masked_minus_language,27,-0.9724743173617214,-1.5546715686214156,-0.454968490405871,0.6666666666666666
zh_ja,qwen25_7b,4,8,mean,correct_exact_minus_language,27,3.235018417594903,1.7890047401287896,4.949163066643004,0.18518518518518517
zh_ja,qwen25_7b,4,8,sum,wrong_exact_minus_language,27,-3.309948457491205,-5.725743849728153,-1.2276443187440575,0.7407407407407407
zh_ja,qwen25_7b,4,8,sum,wrong_exact_minus_surface,27,-1.8519477591056515,-3.718930637170733,-0.23006466390668562,0.7407407407407407
zh_ja,qwen25_7b,4,8,sum,wrong_exact_minus_masked,27,-1.0860328544621114,-3.0379286068793454,0.5045559822141911,0.7037037037037037
zh_ja,qwen25_7b,4,8,sum,wrong_masked_minus_language,27,-2.223915603029093,-3.732742133423151,-0.8916847695885399,0.7037037037037037
zh_ja,qwen25_7b,4,8,sum,correct_exact_minus_language,27,8.27862113428785,4.738954957358052,12.35275426917904,0.07407407407407407
zh_ja,qwen25_7b,8,0,mean,wrong_exact_minus_language,27,-2.4347649780188307,-4.072629939700925,-1.2207347754757703,0.8518518518518519
zh_ja,qwen25_7b,8,0,mean,wrong_exact_minus_surface,27,-1.5110226476013109,-2.787163964569293,-0.4303383888590536,0.6296296296296297
zh_ja,qwen25_7b,8,0,mean,wrong_exact_minus_masked,27,-0.5841965294546552,-1.9280636781205736,0.49326968479694555,0.5925925925925926
zh_ja,qwen25_7b,8,0,mean,wrong_masked_minus_language,27,-1.8505684485641756,-2.5968786432804474,-1.093105235698212,0.8148148148148148
zh_ja,qwen25_7b,8,0,mean,correct_exact_minus_language,27,4.154420715066846,2.408499009954674,6.0890409111135835,0.14814814814814814
zh_ja,qwen25_7b,8,0,sum,wrong_exact_minus_language,27,-4.663260149976446,-7.311808353353775,-2.4397604218632423,0.8518518518518519
zh_ja,qwen25_7b,8,0,sum,wrong_exact_minus_surface,27,-3.6840182811504714,-5.9030715874637725,-1.4745575059058702,0.7037037037037037
zh_ja,qwen25_7b,8,0,sum,wrong_exact_minus_masked,27,-0.2706883142667788,-2.5579074074238264,1.6289045800661848,0.6296296296296297
zh_ja,qwen25_7b,8,0,sum,wrong_masked_minus_language,27,-4.392571835709667,-6.334413552511035,-2.553074913491773,0.8518518518518519
zh_ja,qwen25_7b,8,0,sum,correct_exact_minus_language,27,9.88734403988174,5.6940718404791335,14.430120818519367,0.07407407407407407
zh_ja,qwen25_7b,8,2,mean,wrong_exact_minus_language,27,-2.0619248803877444,-3.627686935289401,-0.8512220745160316,0.7037037037037037
zh_ja,qwen25_7b,8,2,mean,wrong_exact_minus_surface,27,-0.959632433347266,-2.3623964961751844,0.1453386108822154,0.5555555555555556
zh_ja,qwen25_7b,8,2,mean,wrong_exact_minus_masked,27,-0.7111426169371784,-2.119589482721575,0.21104425553542833,0.5185185185185185
zh_ja,qwen25_7b,8,2,mean,wrong_masked_minus_language,27,-1.350782263450566,-2.0248232175561567,-0.7070458177639888,0.7407407407407407
zh_ja,qwen25_7b,8,2,mean,correct_exact_minus_language,27,3.5925949863998943,1.9693718185021512,5.4514814845756225,0.14814814814814814
zh_ja,qwen25_7b,8,2,sum,wrong_exact_minus_language,27,-3.5186362183238895,-6.173786393674177,-1.1785505731163242,0.7037037037037037
zh_ja,qwen25_7b,8,2,sum,wrong_exact_minus_surface,27,-2.1685266296413763,-4.318274000214619,-0.23210959835495415,0.6666666666666666
zh_ja,qwen25_7b,8,2,sum,wrong_exact_minus_masked,27,-0.4190200992075174,-2.5901782443565833,1.3351751374994842,0.6296296296296297
zh_ja,qwen25_7b,8,2,sum,wrong_masked_minus_language,27,-3.0996161191163725,-5.038420192803756,-1.3766130823633402,0.7407407407407407
zh_ja,qwen25_7b,8,2,sum,correct_exact_minus_language,27,9.258441915448875,5.532915202464263,13.649215525169517,0.14814814814814814
zh_ja,qwen25_7b,8,8,mean,wrong_exact_minus_language,27,-1.8674251444603283,-3.264325948182873,-0.7814655411846222,0.7407407407407407
zh_ja,qwen25_7b,8,8,mean,wrong_exact_minus_surface,27,-0.5883402072272643,-1.783530140332274,0.3649612943534042,0.48148148148148145
zh_ja,qwen25_7b,8,8,mean,wrong_exact_minus_masked,27,-0.8720278898512738,-2.138640465454578,-0.02086762327256782,0.5925925925925926
zh_ja,qwen25_7b,8,8,mean,wrong_masked_minus_language,27,-0.9953972546090545,-1.555692949743631,-0.5105745618451492,0.7407407407407407
zh_ja,qwen25_7b,8,8,mean,correct_exact_minus_language,27,3.0123669333622307,1.5224487295741305,4.6748363918216285,0.18518518518518517
zh_ja,qwen25_7b,8,8,sum,wrong_exact_minus_language,27,-3.54056660849946,-6.036410092108849,-1.251200273279015,0.7037037037037037
zh_ja,qwen25_7b,8,8,sum,wrong_exact_minus_surface,27,-1.8995123015613191,-3.7308437664958616,-0.21731350757138687,0.7777777777777778
zh_ja,qwen25_7b,8,8,sum,wrong_exact_minus_masked,27,-1.2946339218739282,-3.45318246008742,0.36621460483185253,0.6666666666666666
zh_ja,qwen25_7b,8,8,sum,wrong_masked_minus_language,27,-2.2459326866255314,-3.7396817583927056,-0.9226677225152448,0.6666666666666666
zh_ja,qwen25_7b,8,8,sum,correct_exact_minus_language,27,7.8784536669630105,4.525350896375366,11.54882772932054,0.07407407407407407
zh_ja,qwen3_8b,1,0,mean,wrong_exact_minus_language,27,-1.0963066065752949,-1.6481922873744257,-0.5754257436151858,0.7777777777777778
zh_ja,qwen3_8b,1,0,mean,wrong_exact_minus_surface,27,-1.2464315979569047,-1.9636612238707367,-0.5850695212682088,0.7037037037037037
zh_ja,qwen3_8b,1,0,mean,wrong_exact_minus_masked,27,-0.5109196062441226,-0.9980457804821156,-0.09665708674324908,0.5555555555555556
zh_ja,qwen3_8b,1,0,mean,wrong_masked_minus_language,27,-0.5853870003311722,-0.9797798717463458,-0.15892096492979277,0.8148148148148148
zh_ja,qwen3_8b,1,0,mean,correct_exact_minus_language,27,1.5732081554554127,0.7336096926971718,2.4826744693296923,0.18518518518518517
zh_ja,qwen3_8b,1,0,sum,wrong_exact_minus_language,27,-2.974750872011538,-4.600310982598199,-1.5146465901975301,0.7777777777777778
zh_ja,qwen3_8b,1,0,sum,wrong_exact_minus_surface,27,-2.893408916614674,-4.450738679038154,-1.3862944973839655,0.7037037037037037
zh_ja,qwen3_8b,1,0,sum,wrong_exact_minus_masked,27,-1.3518040974934895,-2.6778902248099996,-0.14772666295369558,0.5555555555555556
zh_ja,qwen3_8b,1,0,sum,wrong_masked_minus_language,27,-1.6229467745180484,-2.7387677245669892,-0.5405266814761701,0.8148148148148148
zh_ja,qwen3_8b,1,0,sum,correct_exact_minus_language,27,4.936712159050836,2.7025981143668845,7.311331630636143,0.25925925925925924
zh_ja,qwen3_8b,1,2,mean,wrong_exact_minus_language,27,-0.9386944064387569,-1.4659164534674751,-0.45497866824821215,0.7777777777777778
zh_ja,qwen3_8b,1,2,mean,wrong_exact_minus_surface,27,-1.2290818956163194,-1.877603229769954,-0.6099448491025858,0.7407407407407407
zh_ja,qwen3_8b,1,2,mean,wrong_exact_minus_masked,27,-0.5862021269621672,-1.0706757152522053,-0.10176898815013806,0.6296296296296297
zh_ja,qwen3_8b,1,2,mean,wrong_masked_minus_language,27,-0.3524922794765896,-0.6659472593554744,-0.04371938837899106,0.6666666666666666
zh_ja,qwen3_8b,1,2,mean,correct_exact_minus_language,27,1.9643761405238398,1.1230177691689245,2.845623874885064,0.14814814814814814
zh_ja,qwen3_8b,1,2,sum,wrong_exact_minus_language,27,-2.524722452516909,-4.077608082029554,-1.0219786643981938,0.8148148148148148
zh_ja,qwen3_8b,1,2,sum,wrong_exact_minus_surface,27,-3.046168186046459,-4.484696139229669,-1.5922571129269087,0.7777777777777778
zh_ja,qwen3_8b,1,2,sum,wrong_exact_minus_masked,27,-1.2676452000935872,-2.4600771842179476,-0.10494682965455257,0.6666666666666666
zh_ja,qwen3_8b,1,2,sum,wrong_masked_minus_language,27,-1.2570772524233218,-2.2103179189893933,-0.3397632784313627,0.7037037037037037
zh_ja,qwen3_8b,1,2,sum,correct_exact_minus_language,27,5.593205275358977,3.303642785107648,7.961582228872505,0.14814814814814814
zh_ja,qwen3_8b,1,8,mean,wrong_exact_minus_language,27,-1.2087977992163763,-1.7740472884089857,-0.6859904982425555,0.9259259259259259
zh_ja,qwen3_8b,1,8,mean,wrong_exact_minus_surface,27,-1.1855208962051957,-1.7759834174756652,-0.6656808133478527,0.8148148148148148
zh_ja,qwen3_8b,1,8,mean,wrong_exact_minus_masked,27,-0.9404833405106156,-1.4603589985105727,-0.4479886973345724,0.6666666666666666
zh_ja,qwen3_8b,1,8,mean,wrong_masked_minus_language,27,-0.2683144587057608,-0.5244117516058463,-0.021287241026207313,0.6666666666666666
zh_ja,qwen3_8b,1,8,mean,correct_exact_minus_language,27,1.922902469281797,1.008569578991996,2.858869394549616,0.18518518518518517
zh_ja,qwen3_8b,1,8,sum,wrong_exact_minus_language,27,-3.31343972241437,-5.095136665414881,-1.7346040398986255,0.8888888888888888
zh_ja,qwen3_8b,1,8,sum,wrong_exact_minus_surface,27,-3.2222094006008573,-4.695612334322047,-1.844493029735712,0.8888888888888888
zh_ja,qwen3_8b,1,8,sum,wrong_exact_minus_masked,27,-2.1659381654527454,-3.3514043313485606,-0.999123639530607,0.7407407407407407
zh_ja,qwen3_8b,1,8,sum,wrong_masked_minus_language,27,-1.1475015569616247,-2.0848356123323795,-0.4138794589925704,0.7407407407407407
zh_ja,qwen3_8b,1,8,sum,correct_exact_minus_language,27,5.616150078950105,3.364742566921093,7.949280669954088,0.18518518518518517
zh_ja,qwen3_8b,4,0,mean,wrong_exact_minus_language,27,-1.0109426533734356,-1.7291550353721334,-0.3870796049082724,0.7037037037037037
zh_ja,qwen3_8b,4,0,mean,wrong_exact_minus_surface,27,-1.1515198636938024,-1.9227728128433228,-0.408843644460043,0.7037037037037037
zh_ja,qwen3_8b,4,0,mean,wrong_exact_minus_masked,27,-0.397333304087321,-0.862826489077674,0.015838737841005084,0.5925925925925926
zh_ja,qwen3_8b,4,0,mean,wrong_masked_minus_language,27,-0.6136093492861148,-1.088095619060375,-0.14117778804567185,0.6666666666666666
zh_ja,qwen3_8b,4,0,mean,correct_exact_minus_language,27,1.654251390033298,0.6885070913367801,2.6703954060872395,0.2962962962962963
zh_ja,qwen3_8b,4,0,sum,wrong_exact_minus_language,27,-2.991482452110008,-5.125086003762704,-1.0903253228576104,0.7407407407407407
zh_ja,qwen3_8b,4,0,sum,wrong_exact_minus_surface,27,-3.023864180953414,-4.861622458917123,-1.2789812335261599,0.6666666666666666
zh_ja,qwen3_8b,4,0,sum,wrong_exact_minus_masked,27,-0.9884675343831381,-2.1005456041406703,0.01154158733509139,0.6666666666666666
zh_ja,qwen3_8b,4,0,sum,wrong_masked_minus_language,27,-2.00301491772687,-3.5895107869748717,-0.5434557225969111,0.6666666666666666
zh_ja,qwen3_8b,4,0,sum,correct_exact_minus_language,27,5.136154210125959,2.6661472302896008,7.764991244563349,0.18518518518518517
zh_ja,qwen3_8b,4,2,mean,wrong_exact_minus_language,27,-1.1320189899868436,-1.8689837274727998,-0.485011324617598,0.7037037037037037
zh_ja,qwen3_8b,4,2,mean,wrong_exact_minus_surface,27,-1.346120004300718,-2.100660099365093,-0.691443759423715,0.8148148148148148
zh_ja,qwen3_8b,4,2,mean,wrong_exact_minus_masked,27,-0.5957919933177807,-1.2162454786124053,-0.05829574973494923,0.5555555555555556
zh_ja,qwen3_8b,4,2,mean,wrong_masked_minus_language,27,-0.5362269966690628,-0.9815436663451018,-0.07746889679520261,0.7777777777777778
zh_ja,qwen3_8b,4,2,mean,correct_exact_minus_language,27,1.897541222748933,0.9783186195073305,2.8739139808548817,0.25925925925925924
zh_ja,qwen3_8b,4,2,sum,wrong_exact_minus_language,27,-2.9943115446302624,-5.05549199492843,-1.2341820125226624,0.7407407407407407
zh_ja,qwen3_8b,4,2,sum,wrong_exact_minus_surface,27,-3.370056646841544,-5.052243689254478,-1.8193579753239952,0.8148148148148148
zh_ja,qwen3_8b,4,2,sum,wrong_exact_minus_masked,27,-1.1920512517293294,-2.54500879711575,0.008788756087974227,0.5555555555555556
zh_ja,qwen3_8b,4,2,sum,wrong_masked_minus_language,27,-1.8022602929009333,-3.4628148838325785,-0.36979889604780486,0.7777777777777778
zh_ja,qwen3_8b,4,2,sum,correct_exact_minus_language,27,5.7517703374226885,3.4084866197020918,8.234695688883463,0.2222222222222222
zh_ja,qwen3_8b,4,8,mean,wrong_exact_minus_language,27,-1.0175189265498408,-1.6681198005323057,-0.44969320341392804,0.7407407407407407
zh_ja,qwen3_8b,4,8,mean,wrong_exact_minus_surface,27,-1.1941637286433466,-1.8753473484957661,-0.598810653333311,0.8148148148148148
zh_ja,qwen3_8b,4,8,mean,wrong_exact_minus_masked,27,-0.812410690166332,-1.4311063205754315,-0.28338310277020556,0.6296296296296297
zh_ja,qwen3_8b,4,8,mean,wrong_masked_minus_language,27,-0.20510823638350875,-0.5624373409483168,0.15869477987289407,0.5555555555555556
zh_ja,qwen3_8b,4,8,mean,correct_exact_minus_language,27,1.8985003453713876,1.049802276160982,2.816343498009222,0.2222222222222222
zh_ja,qwen3_8b,4,8,sum,wrong_exact_minus_language,27,-2.827577343693486,-4.567663694311071,-1.2026345403106138,0.7407407407407407
zh_ja,qwen3_8b,4,8,sum,wrong_exact_minus_surface,27,-3.0417052374945746,-4.627761807265105,-1.5419738160239327,0.8148148148148148
zh_ja,qwen3_8b,4,8,sum,wrong_exact_minus_masked,27,-1.8659483944928204,-3.044360302995752,-0.7445969254882249,0.6666666666666666
zh_ja,qwen3_8b,4,8,sum,wrong_masked_minus_language,27,-0.9616289492006656,-2.1486997798637106,0.035191860905398366,0.7407407407407407
zh_ja,qwen3_8b,4,8,sum,correct_exact_minus_language,27,5.373815713105379,3.2147030318224874,7.795198100584524,0.18518518518518517
zh_ja,qwen3_8b,8,0,mean,wrong_exact_minus_language,27,-0.8238061798943414,-1.5143243308420533,-0.18425782344959413,0.6666666666666666
zh_ja,qwen3_8b,8,0,mean,wrong_exact_minus_surface,27,-1.082550702271638,-1.9902574662809018,-0.2655317955546915,0.6666666666666666
zh_ja,qwen3_8b,8,0,mean,wrong_exact_minus_masked,27,-0.2958959296897606,-0.7435228493478563,0.10875734179108172,0.6666666666666666
zh_ja,qwen3_8b,8,0,mean,wrong_masked_minus_language,27,-0.5279102502045808,-0.9549016012085808,-0.09195559554629869,0.6666666666666666
zh_ja,qwen3_8b,8,0,mean,correct_exact_minus_language,27,1.6274613715984203,0.6177688667067774,2.7197758365560456,0.2222222222222222
zh_ja,qwen3_8b,8,0,sum,wrong_exact_minus_language,27,-2.868266847398546,-4.949414643534908,-1.0189637325428185,0.7407407407407407
zh_ja,qwen3_8b,8,0,sum,wrong_exact_minus_surface,27,-3.00979596597177,-4.86894095297213,-1.259599297134965,0.7037037037037037
zh_ja,qwen3_8b,8,0,sum,wrong_exact_minus_masked,27,-0.8507429758707682,-1.9815496409380877,0.12327167899520262,0.6296296296296297
zh_ja,qwen3_8b,8,0,sum,wrong_masked_minus_language,27,-2.0175238715277777,-3.523461514932138,-0.64442141144364,0.7407407407407407
zh_ja,qwen3_8b,8,0,sum,correct_exact_minus_language,27,5.337036662631565,2.841807111104329,7.855641350922761,0.18518518518518517
zh_ja,qwen3_8b,8,2,mean,wrong_exact_minus_language,27,-0.8780089131108036,-1.584513595369127,-0.27045433830331883,0.7407407407407407
zh_ja,qwen3_8b,8,2,mean,wrong_exact_minus_surface,27,-1.1193135579427083,-1.8541590677367317,-0.4427779709851302,0.6666666666666666
zh_ja,qwen3_8b,8,2,mean,wrong_exact_minus_masked,27,-0.5141150686475966,-1.1238215623078522,0.01865591473049568,0.6296296296296297
zh_ja,qwen3_8b,8,2,mean,wrong_masked_minus_language,27,-0.3638938444632071,-0.8196944550231651,0.10892353896741473,0.6666666666666666
zh_ja,qwen3_8b,8,2,mean,correct_exact_minus_language,27,1.8606331525025543,0.9277879253581719,2.8691615449057655,0.18518518518518517
zh_ja,qwen3_8b,8,2,sum,wrong_exact_minus_language,27,-2.6214332580566406,-4.519349253619159,-0.8965364173606607,0.7777777777777778
zh_ja,qwen3_8b,8,2,sum,wrong_exact_minus_surface,27,-2.923773165102358,-4.481513104615388,-1.428493588059037,0.7407407407407407
zh_ja,qwen3_8b,8,2,sum,wrong_exact_minus_masked,27,-1.1549727828414351,-2.4472686255419696,0.06342372452771096,0.5925925925925926
zh_ja,qwen3_8b,8,2,sum,wrong_masked_minus_language,27,-1.4664604752152055,-3.073655871991758,0.022937389656349224,0.6666666666666666
zh_ja,qwen3_8b,8,2,sum,correct_exact_minus_language,27,5.39712867030391,3.0848687904852405,7.864531381924944,0.2222222222222222
zh_ja,qwen3_8b,8,8,mean,wrong_exact_minus_language,27,-0.9898796169846146,-1.6729438938476422,-0.3995304516068215,0.7777777777777778
zh_ja,qwen3_8b,8,8,mean,wrong_exact_minus_surface,27,-0.9078875647650825,-1.5514317861309757,-0.3337537169456491,0.7407407407407407
zh_ja,qwen3_8b,8,8,mean,wrong_exact_minus_masked,27,-0.6712009465252912,-1.2582624289724562,-0.18754155194317867,0.6666666666666666
zh_ja,qwen3_8b,8,8,mean,wrong_masked_minus_language,27,-0.31867867045932347,-0.66001296043396,-0.029832938644621193,0.5925925925925926
zh_ja,qwen3_8b,8,8,mean,correct_exact_minus_language,27,1.7875212475105569,0.931687844241107,2.716115847561093,0.18518518518518517
zh_ja,qwen3_8b,8,8,sum,wrong_exact_minus_language,27,-2.8929145247847945,-4.678815255341706,-1.1768392668830032,0.7407407407407407
zh_ja,qwen3_8b,8,8,sum,wrong_exact_minus_surface,27,-2.5906722810533314,-4.0919988049401175,-1.1806737864459007,0.7407407407407407
zh_ja,qwen3_8b,8,8,sum,wrong_exact_minus_masked,27,-1.7081914124665436,-2.8261462335233336,-0.5928143951627945,0.6666666666666666
zh_ja,qwen3_8b,8,8,sum,wrong_masked_minus_language,27,-1.184723112318251,-2.272630057511506,-0.20596181021796392,0.7407407407407407
zh_ja,qwen3_8b,8,8,sum,correct_exact_minus_language,27,5.249834272596571,3.1236195158075404,7.619664820035297,0.18518518518518517
