model,control,false_id,control_id,distance
qwen3_8b,true_friend,zh_ja_001,zh_ja_common_028,7.406954732111838
qwen3_8b,true_friend,zh_ja_002,zh_ja_common_029,16.99600035412784
qwen3_8b,true_friend,zh_ja_003,zh_ja_common_018,27.006725682343866
qwen3_8b,true_friend,zh_ja_006,zh_ja_common_007,33.46104592700432
qwen3_8b,true_friend,zh_ja_008,zh_ja_common_024,17.313942569098543
qwen3_8b,true_friend,zh_ja_009,zh_ja_common_027,14.989027405793692
qwen3_8b,true_friend,zh_ja_011,zh_ja_common_010,37.4230309810817
qwen3_8b,true_friend,zh_ja_012,zh_ja_common_019,81.77388612760696
qwen3_8b,true_friend,zh_ja_013,zh_ja_common_016,15.548569784934886
qwen3_8b,true_friend,zh_ja_014,zh_ja_common_012,23.30884542461305
qwen3_8b,true_friend,zh_ja_015,zh_ja_common_035,32.13688936288574
qwen3_8b,true_friend,zh_ja_016,zh_ja_common_000,27.965916435051653
qwen3_8b,true_friend,zh_ja_019,zh_ja_common_015,21.334160213876263
qwen3_8b,true_friend,zh_ja_020,zh_ja_common_014,21.531252020454918
qwen3_8b,true_friend,zh_ja_021,zh_ja_common_025,6.617688200004554
qwen3_8b,true_friend,zh_ja_022,zh_ja_common_020,22.290678212856548
qwen3_8b,true_friend,zh_ja_023,zh_ja_common_034,12.324436041033163
qwen3_8b,true_friend,zh_ja_024,zh_ja_common_008,5.614892292667229
qwen3_8b,true_friend,zh_ja_027,zh_ja_common_009,19.794917655034816
qwen3_8b,true_friend,zh_ja_028,zh_ja_common_031,30.30018067764756
qwen3_8b,translation_control,zh_ja_001,zh_ja_common_032,8.590275091620802
qwen3_8b,translation_control,zh_ja_002,zh_ja_common_043,14.25650027790931
qwen3_8b,translation_control,zh_ja_003,zh_ja_common_026,20.141670160792163
qwen3_8b,translation_control,zh_ja_008,zh_ja_common_011,19.020367922766766
qwen3_8b,translation_control,zh_ja_009,zh_ja_common_048,10.007514895081014
qwen3_8b,translation_control,zh_ja_013,zh_ja_common_050,15.982189562811104
qwen3_8b,translation_control,zh_ja_014,zh_ja_common_030,25.814329375356742
qwen3_8b,translation_control,zh_ja_015,zh_ja_common_039,20.914059393101397
qwen3_8b,translation_control,zh_ja_016,zh_ja_common_022,31.92388767582543
qwen3_8b,translation_control,zh_ja_019,zh_ja_common_046,20.36689604707592
qwen3_8b,translation_control,zh_ja_020,zh_ja_common_021,22.96027679803946
qwen3_8b,translation_control,zh_ja_021,zh_ja_common_023,7.301196238331067
qwen3_8b,translation_control,zh_ja_022,zh_ja_common_033,18.141583050235937
qwen3_8b,translation_control,zh_ja_023,zh_ja_common_013,13.21532051777076
qwen3_8b,translation_control,zh_ja_024,zh_ja_common_047,8.3166731563652
qwen3_8b,translation_control,zh_ja_027,zh_ja_common_017,19.0993685621441
gemma3_12b,true_friend,zh_ja_001,zh_ja_common_008,11.835567664171215
gemma3_12b,true_friend,zh_ja_002,zh_ja_common_007,22.859974102458384
gemma3_12b,true_friend,zh_ja_003,zh_ja_common_034,30.877924209668453
gemma3_12b,true_friend,zh_ja_006,zh_ja_common_018,25.744342890157117
gemma3_12b,true_friend,zh_ja_008,zh_ja_common_024,19.62216238603833
gemma3_12b,true_friend,zh_ja_009,zh_ja_common_027,23.160368442519104
gemma3_12b,true_friend,zh_ja_011,zh_ja_common_010,47.47282941009065
gemma3_12b,true_friend,zh_ja_012,zh_ja_common_016,69.35375235124854
gemma3_12b,true_friend,zh_ja_013,zh_ja_common_035,23.447515166197128
gemma3_12b,true_friend,zh_ja_014,zh_ja_common_015,18.95096813410734
gemma3_12b,true_friend,zh_ja_015,zh_ja_common_012,13.871740924881877
gemma3_12b,true_friend,zh_ja_016,zh_ja_common_000,18.21939161747553
gemma3_12b,true_friend,zh_ja_019,zh_ja_common_029,23.45156612162237
gemma3_12b,true_friend,zh_ja_020,zh_ja_common_031,24.910675495035946
gemma3_12b,true_friend,zh_ja_021,zh_ja_common_025,7.8819060323137045
gemma3_12b,true_friend,zh_ja_022,zh_ja_common_020,20.509418250483183
gemma3_12b,true_friend,zh_ja_023,zh_ja_common_019,15.993299632601422
gemma3_12b,true_friend,zh_ja_024,zh_ja_common_028,9.563121528419
gemma3_12b,true_friend,zh_ja_027,zh_ja_common_009,19.560450154463364
gemma3_12b,true_friend,zh_ja_028,zh_ja_common_014,27.87294090655529
gemma3_12b,translation_control,zh_ja_001,zh_ja_common_026,6.964862608612295
gemma3_12b,translation_control,zh_ja_002,zh_ja_common_021,20.808005938701555
gemma3_12b,translation_control,zh_ja_003,zh_ja_common_030,34.28744912941516
gemma3_12b,translation_control,zh_ja_008,zh_ja_common_011,23.200850889428796
gemma3_12b,translation_control,zh_ja_009,zh_ja_common_033,19.81586792888751
gemma3_12b,translation_control,zh_ja_013,zh_ja_common_039,24.163880634650035
gemma3_12b,translation_control,zh_ja_014,zh_ja_common_013,19.550534443364068
gemma3_12b,translation_control,zh_ja_015,zh_ja_common_048,10.370509543560896
gemma3_12b,translation_control,zh_ja_016,zh_ja_common_022,21.480982733297243
gemma3_12b,translation_control,zh_ja_019,zh_ja_common_023,23.22816013021489
gemma3_12b,translation_control,zh_ja_020,zh_ja_common_046,23.071619213294817
gemma3_12b,translation_control,zh_ja_021,zh_ja_common_032,11.021146553006163
gemma3_12b,translation_control,zh_ja_022,zh_ja_common_050,13.068571033793472
gemma3_12b,translation_control,zh_ja_023,zh_ja_common_047,14.606396302759766
gemma3_12b,translation_control,zh_ja_024,zh_ja_common_043,10.625369833545115
gemma3_12b,translation_control,zh_ja_027,zh_ja_common_017,19.831971478006373
