model,normalization,contrast,n_items,estimate,ci_low,ci_high,positive_rate
gemma3_12b,mean,full_minus_unrelated,354,3.5944561943869893,2.9195709600170847,4.26871685734384,0.7033898305084746
gemma3_12b,mean,masked_minus_unrelated,354,3.8148834594117624,3.2148525734606004,4.3902873180409205,0.768361581920904
gemma3_12b,mean,full_minus_surface,354,4.304731610647645,3.8122881036264697,4.8155234550428165,0.8022598870056498
gemma3_12b,mean,full_minus_masked,354,-0.22042726502477394,-0.683677624044842,0.24020787514522843,0.4830508474576271
gemma3_12b,mean,accuracy_full,354,0.6779661016949152,0.6299435028248588,0.7259887005649718,0.6779661016949152
gemma3_12b,mean,accuracy_language_unrelated,354,0.4096045197740113,0.3587570621468927,0.4632768361581921,0.4096045197740113
gemma3_12b,mean,accuracy_masked,354,0.7344632768361582,0.6892655367231638,0.7796610169491526,0.7344632768361582
gemma3_12b,mean,accuracy_surface_only,354,0.384180790960452,0.3333333333333333,0.4350282485875706,0.384180790960452
gemma3_12b,sum,full_minus_unrelated,354,3.5944561943869893,2.9506488292429514,4.283787933494,0.7033898305084746
gemma3_12b,sum,masked_minus_unrelated,354,3.8148834594117624,3.2387777921014913,4.364773112136364,0.768361581920904
gemma3_12b,sum,full_minus_surface,354,4.304731610647645,3.797398017074277,4.803071997671427,0.8022598870056498
gemma3_12b,sum,full_minus_masked,354,-0.22042726502477394,-0.6981241150934736,0.2429400554430035,0.4830508474576271
gemma3_12b,sum,accuracy_full,354,0.6779661016949152,0.6299435028248588,0.7259887005649718,0.6779661016949152
gemma3_12b,sum,accuracy_language_unrelated,354,0.4096045197740113,0.3587570621468927,0.4604519774011299,0.4096045197740113
gemma3_12b,sum,accuracy_masked,354,0.7344632768361582,0.6864406779661016,0.7796610169491526,0.7344632768361582
gemma3_12b,sum,accuracy_surface_only,354,0.384180790960452,0.3333333333333333,0.4350282485875706,0.384180790960452
gemma3_4b,mean,full_minus_unrelated,354,-0.06726695751947269,-0.7089755434898495,0.5929599046774999,0.5056497175141242
gemma3_4b,mean,masked_minus_unrelated,354,3.0332803415760696,2.5036965704102494,3.570449297784447,0.7457627118644068
gemma3_4b,mean,full_minus_surface,354,2.2762182079322892,1.758295798332206,2.7913422330124,0.6751412429378532
gemma3_4b,mean,full_minus_masked,354,-3.100547299095542,-3.585992650468927,-2.6228769210278524,0.268361581920904
gemma3_4b,mean,accuracy_full,354,0.4322033898305085,0.3813559322033898,0.4830508474576271,0.4322033898305085
gemma3_4b,mean,accuracy_language_unrelated,354,0.4209039548022599,0.3700564971751412,0.4745762711864407,0.4209039548022599
gemma3_4b,mean,accuracy_masked,354,0.6977401129943502,0.6497175141242938,0.7429378531073446,0.6977401129943502
gemma3_4b,mean,accuracy_surface_only,354,0.2457627118644068,0.2033898305084746,0.2909604519774011,0.2457627118644068
gemma3_4b,sum,full_minus_unrelated,354,-0.06726695751947269,-0.7200167870815235,0.6139698076764092,0.5056497175141242
gemma3_4b,sum,masked_minus_unrelated,354,3.0332803415760696,2.5240090764031438,3.5602996773499003,0.7457627118644068
gemma3_4b,sum,full_minus_surface,354,2.2762182079322892,1.7537848561945133,2.7840969136493747,0.6751412429378532
gemma3_4b,sum,full_minus_masked,354,-3.100547299095542,-3.5807909495016417,-2.6158920121156246,0.268361581920904
gemma3_4b,sum,accuracy_full,354,0.4322033898305085,0.3813559322033898,0.4858757062146893,0.4322033898305085
gemma3_4b,sum,accuracy_language_unrelated,354,0.4209039548022599,0.3700564971751412,0.4689265536723164,0.4209039548022599
gemma3_4b,sum,accuracy_masked,354,0.6977401129943502,0.6497175141242938,0.7457627118644068,0.6977401129943502
gemma3_4b,sum,accuracy_surface_only,354,0.2457627118644068,0.20056497175141244,0.2909604519774011,0.2457627118644068
qwen25_7b,mean,full_minus_unrelated,354,3.939971731773055,2.932004747055871,4.921175388031277,0.652542372881356
qwen25_7b,mean,masked_minus_unrelated,354,4.499823431288064,3.6254104753417624,5.378372151099082,0.7005649717514124
qwen25_7b,mean,full_minus_surface,354,5.244173705938605,4.442353005726724,6.049002450849151,0.7372881355932204
qwen25_7b,mean,full_minus_masked,354,-0.5598516995150093,-1.2498433100753705,0.10514212407857675,0.4915254237288136
qwen25_7b,mean,accuracy_full,354,0.652542372881356,0.6016949152542372,0.7033898305084746,0.652542372881356
qwen25_7b,mean,accuracy_language_unrelated,354,0.4463276836158192,0.3926553672316384,0.4971751412429379,0.4463276836158192
qwen25_7b,mean,accuracy_masked,354,0.6807909604519774,0.632768361581921,0.7288135593220338,0.6807909604519774
qwen25_7b,mean,accuracy_surface_only,354,0.4209039548022599,0.3700564971751412,0.4717514124293785,0.4209039548022599
qwen25_7b,sum,full_minus_unrelated,354,3.939971731773055,2.976151986475275,4.941748308449627,0.652542372881356
qwen25_7b,sum,masked_minus_unrelated,354,4.499823431288064,3.6230468638921245,5.378725264810053,0.7005649717514124
qwen25_7b,sum,full_minus_surface,354,5.244173705938605,4.441986647636268,6.054742648177065,0.7372881355932204
qwen25_7b,sum,full_minus_masked,354,-0.5598516995150093,-1.2363170938024088,0.13580949016286528,0.4915254237288136
qwen25_7b,sum,accuracy_full,354,0.652542372881356,0.6016949152542372,0.7005649717514124,0.652542372881356
qwen25_7b,sum,accuracy_language_unrelated,354,0.4463276836158192,0.3954802259887006,0.4971751412429379,0.4463276836158192
qwen25_7b,sum,accuracy_masked,354,0.6807909604519774,0.6299435028248588,0.7288135593220338,0.6807909604519774
qwen25_7b,sum,accuracy_surface_only,354,0.4209039548022599,0.3700564971751412,0.4745762711864407,0.4209039548022599
qwen3_8b,mean,full_minus_unrelated,354,-0.09536932956027445,-0.11197930597989572,-0.0781177612684541,0.2796610169491525
qwen3_8b,mean,masked_minus_unrelated,354,0.025699593926553674,0.01506499382062147,0.03675144001588982,0.5847457627118644
qwen3_8b,mean,full_minus_surface,354,-0.019202973209531966,-0.031879046744545975,-0.00674035427934035,0.4322033898305085
qwen3_8b,mean,full_minus_masked,354,-0.12106892348682813,-0.13515266772717408,-0.10684428245334303,0.16666666666666666
qwen3_8b,mean,accuracy_full,354,0.3163841807909605,0.268361581920904,0.3644067796610169,0.3163841807909605
qwen3_8b,mean,accuracy_language_unrelated,354,0.5084745762711864,0.4576271186440678,0.559322033898305,0.5084745762711864
qwen3_8b,mean,accuracy_masked,354,0.5903954802259888,0.53954802259887,0.6413135593220329,0.5903954802259888
qwen3_8b,mean,accuracy_surface_only,354,0.2937853107344633,0.24858757062146894,0.3389830508474576,0.2937853107344633
qwen3_8b,sum,full_minus_unrelated,354,-0.09536932956027445,-0.11231344621733756,-0.07876218207138407,0.2796610169491525
qwen3_8b,sum,masked_minus_unrelated,354,0.025699593926553674,0.01485161215572034,0.036602610787429365,0.5847457627118644
qwen3_8b,sum,full_minus_surface,354,-0.019202973209531966,-0.03192359380802866,-0.006589524927785854,0.4322033898305085
qwen3_8b,sum,full_minus_masked,354,-0.12106892348682813,-0.13570088198629476,-0.10708890580861584,0.16666666666666666
qwen3_8b,sum,accuracy_full,354,0.3163841807909605,0.268361581920904,0.3615819209039548,0.3163841807909605
qwen3_8b,sum,accuracy_language_unrelated,354,0.5084745762711864,0.4548022598870056,0.559322033898305,0.5084745762711864
qwen3_8b,sum,accuracy_masked,354,0.5903954802259888,0.53954802259887,0.6384180790960452,0.5903954802259888
qwen3_8b,sum,accuracy_surface_only,354,0.2937853107344633,0.2457627118644068,0.3418079096045198,0.2937853107344633
