pair,model,prompt_mode,wrapper,normalization,comparison,n,estimate,ci_low,ci_high,positive_rate
id_tl,gemma3_12b,chat,bare,mean,full_minus_language_only,33,1.9898408687475957,1.089419162273407,2.9519476301742316,0.7575757575757576
id_tl,gemma3_12b,chat,bare,mean,full_minus_shuffled,33,3.657701203317353,2.512411105994022,4.745650649070738,0.8484848484848485
id_tl,gemma3_12b,chat,bare,mean,masked_minus_shuffled,33,1.5649479085748845,0.5796596902789491,2.5406162124691583,0.696969696969697
id_tl,gemma3_12b,chat,bare,sum,full_minus_language_only,33,2.7384669852979258,1.4514253002224546,4.148288650946183,0.7878787878787878
id_tl,gemma3_12b,chat,bare,sum,full_minus_shuffled,33,4.77687422434489,3.1212455619465223,6.473058054663917,0.8484848484848485
id_tl,gemma3_12b,chat,bare,sum,masked_minus_shuffled,33,2.013683723680901,0.5416572093963623,3.535698071393098,0.6666666666666666
id_tl,gemma3_12b,chat,definition,mean,full_minus_language_only,33,1.2561693480520537,0.7770902673403423,1.736840943134192,0.8181818181818182
id_tl,gemma3_12b,chat,definition,mean,full_minus_shuffled,33,2.7237143516540527,2.2819461251750135,3.1669442256291704,1.0
id_tl,gemma3_12b,chat,definition,mean,masked_minus_shuffled,33,1.5386477383700283,1.1414294683572017,1.9514862949197942,0.9090909090909091
id_tl,gemma3_12b,chat,definition,sum,full_minus_language_only,33,5.093644113251657,3.0444330822337755,7.191611405574914,0.8181818181818182
id_tl,gemma3_12b,chat,definition,sum,full_minus_shuffled,33,11.399261590206262,9.416982552499482,13.404486040635541,0.9696969696969697
id_tl,gemma3_12b,chat,definition,sum,masked_minus_shuffled,33,6.40418174050071,4.582141436952533,8.28386571190574,0.8484848484848485
id_tl,gemma3_12b,chat,refers,mean,full_minus_language_only,33,0.7845472711505312,0.4116967844240593,1.1883267424323336,0.696969696969697
id_tl,gemma3_12b,chat,refers,mean,full_minus_shuffled,33,2.069079211263946,1.652030143593297,2.469442969380003,0.9393939393939394
id_tl,gemma3_12b,chat,refers,mean,masked_minus_shuffled,33,1.386759295608058,1.007734124588244,1.7695159312450521,0.8787878787878788
id_tl,gemma3_12b,chat,refers,sum,full_minus_language_only,33,4.179163846102628,2.3249535300514914,6.1471772367304025,0.7878787878787878
id_tl,gemma3_12b,chat,refers,sum,full_minus_shuffled,33,10.962553428881096,9.031651756980203,12.878846353473085,0.9696969696969697
id_tl,gemma3_12b,chat,refers,sum,masked_minus_shuffled,33,7.106137593587239,5.164383292920661,9.09197753559459,0.8787878787878788
id_tl,gemma3_12b,plain,bare,mean,full_minus_language_only,33,-0.9741565964438699,-1.4063519799348079,-0.5069277485211693,0.21212121212121213
id_tl,gemma3_12b,plain,bare,mean,full_minus_shuffled,33,0.36724997289253003,0.1081315152572863,0.634956258716005,0.696969696969697
id_tl,gemma3_12b,plain,bare,mean,masked_minus_shuffled,33,-0.07700049515926477,-0.37503731015956765,0.2456700220252528,0.42424242424242425
id_tl,gemma3_12b,plain,bare,sum,full_minus_language_only,33,-0.6460444854967522,-1.5189047798965916,0.4604463985472011,0.24242424242424243
id_tl,gemma3_12b,plain,bare,sum,full_minus_shuffled,33,1.0121729229435776,0.234383358558019,2.083601171861995,0.6666666666666666
id_tl,gemma3_12b,plain,bare,sum,masked_minus_shuffled,33,0.28082768844835687,-0.3055648249207121,0.9834723301006073,0.45454545454545453
id_tl,gemma3_12b,plain,definition,mean,full_minus_language_only,33,-0.38387359272349963,-0.5476048772985285,-0.2294181375792533,0.24242424242424243
id_tl,gemma3_12b,plain,definition,mean,full_minus_shuffled,33,0.11906966296109286,0.001363358353123523,0.23956078850861715,0.696969696969697
id_tl,gemma3_12b,plain,definition,mean,masked_minus_shuffled,33,-0.028331836064656574,-0.12582004991444673,0.07586507706931137,0.42424242424242425
id_tl,gemma3_12b,plain,definition,sum,full_minus_language_only,33,-1.323881871772535,-2.234225835944667,-0.32452287312710065,0.24242424242424243
id_tl,gemma3_12b,plain,definition,sum,full_minus_shuffled,33,0.9831770694617069,0.11387031873067222,2.0681345181031623,0.8181818181818182
id_tl,gemma3_12b,plain,definition,sum,masked_minus_shuffled,33,0.13266814838756213,-0.35427207152048745,0.6742051890402126,0.5151515151515151
id_tl,gemma3_12b,plain,refers,mean,full_minus_language_only,33,-0.3821881756638036,-0.5995908339818318,-0.16111775401866815,0.24242424242424243
id_tl,gemma3_12b,plain,refers,mean,full_minus_shuffled,33,0.16305940078966547,0.04222087119564866,0.2876102492664798,0.6363636363636364
id_tl,gemma3_12b,plain,refers,mean,masked_minus_shuffled,33,-0.007106296943895744,-0.1012300558162458,0.08610727425777544,0.5151515151515151
id_tl,gemma3_12b,plain,refers,sum,full_minus_language_only,33,-1.6395857839873342,-3.016389904600201,-0.2437085007176269,0.2727272727272727
id_tl,gemma3_12b,plain,refers,sum,full_minus_shuffled,33,1.2744545792088364,0.366131117849639,2.3234351981769903,0.6666666666666666
id_tl,gemma3_12b,plain,refers,sum,masked_minus_shuffled,33,0.16987014539314038,-0.7317414370450106,1.1753856355493715,0.5151515151515151
id_tl,gemma3_4b,chat,bare,mean,full_minus_language_only,33,5.833930868091005,4.445279387994246,7.229694692293801,0.9393939393939394
id_tl,gemma3_4b,chat,bare,mean,full_minus_shuffled,33,6.427840883081609,3.991795242735834,8.690654637235582,0.8787878787878788
id_tl,gemma3_4b,chat,bare,mean,masked_minus_shuffled,33,1.741990985292377,-0.18220824978568334,3.734029305703709,0.6666666666666666
id_tl,gemma3_4b,chat,bare,sum,full_minus_language_only,33,7.183561722437541,5.333535983165105,9.407726206743353,0.9393939393939394
id_tl,gemma3_4b,chat,bare,sum,full_minus_shuffled,33,8.315430171561964,5.168679476868022,11.731281926053942,0.9090909090909091
id_tl,gemma3_4b,chat,bare,sum,masked_minus_shuffled,33,2.386929685419256,-0.9060445864995319,6.051283130501252,0.5757575757575758
id_tl,gemma3_4b,chat,definition,mean,full_minus_language_only,33,1.3869645667798591,0.8337662678776365,1.8766681215979835,0.9090909090909091
id_tl,gemma3_4b,chat,definition,mean,full_minus_shuffled,33,2.4701704400958437,1.9006296197573342,3.066763816819046,0.9696969696969697
id_tl,gemma3_4b,chat,definition,mean,masked_minus_shuffled,33,1.1348910476222183,0.690206622354912,1.6719075845949574,0.8484848484848485
id_tl,gemma3_4b,chat,definition,sum,full_minus_language_only,33,5.5363462043531015,2.962762283556389,7.88758538275054,0.8484848484848485
id_tl,gemma3_4b,chat,definition,sum,full_minus_shuffled,33,10.607269980690695,8.050932375590007,13.38934402321324,0.9696969696969697
id_tl,gemma3_4b,chat,definition,sum,masked_minus_shuffled,33,5.02462219469475,3.1236241745226314,7.251241900704122,0.8484848484848485
id_tl,gemma3_4b,chat,refers,mean,full_minus_language_only,33,0.8796287883411754,0.36906594760490186,1.4239810582363244,0.6666666666666666
id_tl,gemma3_4b,chat,refers,mean,full_minus_shuffled,33,2.8268931128761987,2.3136084357897437,3.345448047464544,0.9696969696969697
id_tl,gemma3_4b,chat,refers,mean,masked_minus_shuffled,33,1.485449169621323,1.0397134455767545,1.936457606517907,0.8484848484848485
id_tl,gemma3_4b,chat,refers,sum,full_minus_language_only,33,4.290771599971887,1.5344335425983777,7.277076559355763,0.6666666666666666
id_tl,gemma3_4b,chat,refers,sum,full_minus_shuffled,33,14.790406891793916,12.19264215267066,17.341172248666933,0.9696969696969697
id_tl,gemma3_4b,chat,refers,sum,masked_minus_shuffled,33,7.512757041237571,5.16733857790629,9.919754169926499,0.8484848484848485
id_tl,gemma3_4b,plain,bare,mean,full_minus_language_only,33,0.3626522584394975,-0.20378413200378417,0.9489415098320346,0.5757575757575758
id_tl,gemma3_4b,plain,bare,mean,full_minus_shuffled,33,1.759580626632228,1.193510827331832,2.321194444822542,0.8787878787878788
id_tl,gemma3_4b,plain,bare,mean,masked_minus_shuffled,33,0.7110201878981157,0.3339612101063584,1.0955499219171927,0.696969696969697
id_tl,gemma3_4b,plain,bare,sum,full_minus_language_only,33,0.35616582812684955,-0.25837466066533865,0.9675969199700784,0.5151515151515151
id_tl,gemma3_4b,plain,bare,sum,full_minus_shuffled,33,2.0586651383024273,1.3928580636327916,2.74681167602539,0.8787878787878788
id_tl,gemma3_4b,plain,bare,sum,masked_minus_shuffled,33,0.9165122870242957,0.35320690111680464,1.493606468402978,0.7272727272727273
id_tl,gemma3_4b,plain,definition,mean,full_minus_language_only,33,-0.22779648954218085,-0.38583354642896944,-0.07034872824495497,0.24242424242424243
id_tl,gemma3_4b,plain,definition,mean,full_minus_shuffled,33,0.3334004084269206,0.20845388426925196,0.4761186971808924,0.7878787878787878
id_tl,gemma3_4b,plain,definition,mean,masked_minus_shuffled,33,0.20287793332880194,0.0748784374107014,0.352522164402586,0.696969696969697
id_tl,gemma3_4b,plain,definition,sum,full_minus_language_only,33,-0.8552483356360233,-1.5499286167549364,-0.11449549559390923,0.24242424242424243
id_tl,gemma3_4b,plain,definition,sum,full_minus_shuffled,33,1.4389251073201497,0.626441739544724,2.2978593472278477,0.7272727272727273
id_tl,gemma3_4b,plain,definition,sum,masked_minus_shuffled,33,0.8975830656109434,0.1974078648018115,1.6726594448089591,0.6666666666666666
id_tl,gemma3_4b,plain,refers,mean,full_minus_language_only,33,-0.008195537509340229,-0.19715523810097665,0.17926356106093425,0.5454545454545454
id_tl,gemma3_4b,plain,refers,mean,full_minus_shuffled,33,0.5442573229471842,0.4043755161039757,0.6851652322393473,0.9393939393939394
id_tl,gemma3_4b,plain,refers,mean,masked_minus_shuffled,33,0.19453241608359598,0.08124349731387515,0.3029328275810588,0.8484848484848485
id_tl,gemma3_4b,plain,refers,sum,full_minus_language_only,33,-0.12025099089651396,-1.1761720671798241,0.9609412337794431,0.5151515151515151
id_tl,gemma3_4b,plain,refers,sum,full_minus_shuffled,33,2.7049508528275923,1.8846847172939416,3.5928828138293634,0.8787878787878788
id_tl,gemma3_4b,plain,refers,sum,masked_minus_shuffled,33,0.919046806566643,0.2265368562756163,1.623512350429188,0.8484848484848485
id_tl,qwen25_7b,chat,bare,mean,full_minus_language_only,33,0.48327354951338336,-0.5446954011917114,1.477377822543635,0.5454545454545454
id_tl,qwen25_7b,chat,bare,mean,full_minus_shuffled,33,1.8125325549732556,0.9983141342798868,2.6315048929416767,0.7575757575757576
id_tl,qwen25_7b,chat,bare,mean,masked_minus_shuffled,33,1.493273417154948,0.9649098233743147,2.0397342118349937,0.8181818181818182
id_tl,qwen25_7b,chat,bare,sum,full_minus_language_only,33,1.0732027978608103,-0.8223269383112589,3.0501069563807834,0.6363636363636364
id_tl,qwen25_7b,chat,bare,sum,full_minus_shuffled,33,2.9237027457266143,1.6872562289237976,4.138083882404095,0.7878787878787878
id_tl,qwen25_7b,chat,bare,sum,masked_minus_shuffled,33,3.014584324576638,1.8428866552584098,4.3382141575668784,0.8484848484848485
id_tl,qwen25_7b,chat,definition,mean,full_minus_language_only,33,-0.4033482652721983,-0.7122019135590756,-0.10548685391744,0.2727272727272727
id_tl,qwen25_7b,chat,definition,mean,full_minus_shuffled,33,0.8928682587363503,0.6174961064801071,1.1573113795482752,0.8484848484848485
id_tl,qwen25_7b,chat,definition,mean,masked_minus_shuffled,33,0.5656435561902595,0.33849552833672725,0.8102163076400756,0.8181818181818182
id_tl,qwen25_7b,chat,definition,sum,full_minus_language_only,33,-1.6339354659571792,-3.0506172888206713,-0.09122617894953003,0.2727272727272727
id_tl,qwen25_7b,chat,definition,sum,full_minus_shuffled,33,3.9317358190363105,2.6853240750052714,5.211996013467961,0.8787878787878788
id_tl,qwen25_7b,chat,definition,sum,masked_minus_shuffled,33,2.5039100068988223,1.3907413670510957,3.7029866377512604,0.8181818181818182
id_tl,qwen25_7b,chat,refers,mean,full_minus_language_only,33,-0.14824394746260208,-0.612609514503768,0.32629831957094585,0.5151515151515151
id_tl,qwen25_7b,chat,refers,mean,full_minus_shuffled,33,1.4568928949760669,1.194702305577018,1.731183352614894,0.9696969696969697
id_tl,qwen25_7b,chat,refers,mean,masked_minus_shuffled,33,1.0749722177332097,0.797177126010259,1.385403688206817,0.9393939393939394
id_tl,qwen25_7b,chat,refers,sum,full_minus_language_only,33,-0.6086035641756925,-3.2902223124648584,1.9891547911094845,0.5151515151515151
id_tl,qwen25_7b,chat,refers,sum,full_minus_shuffled,33,7.976101326219963,6.6062615047801625,9.377660979646624,0.9696969696969697
id_tl,qwen25_7b,chat,refers,sum,masked_minus_shuffled,33,5.570656285141453,4.1006314133152815,7.101523162379408,0.9090909090909091
id_tl,qwen25_7b,plain,bare,mean,full_minus_language_only,33,-1.9265075651082126,-3.295973242638689,-0.5587931959014963,0.2727272727272727
id_tl,qwen25_7b,plain,bare,mean,full_minus_shuffled,33,3.6386196107575386,2.799703168327158,4.538336219570853,0.9090909090909091
id_tl,qwen25_7b,plain,bare,mean,masked_minus_shuffled,33,2.570675936612216,1.6611192509983526,3.5394229018326935,0.8181818181818182
id_tl,qwen25_7b,plain,bare,sum,full_minus_language_only,33,-2.0284174319469566,-3.7252073153401866,-0.2607507008494753,0.2727272727272727
id_tl,qwen25_7b,plain,bare,sum,full_minus_shuffled,33,4.440155997420803,3.3869686798615892,5.588675863453835,0.9090909090909091
id_tl,qwen25_7b,plain,bare,sum,masked_minus_shuffled,33,2.866935939499826,1.8504885586825286,3.87352937983744,0.8484848484848485
id_tl,qwen25_7b,plain,definition,mean,full_minus_language_only,33,-0.19918888987916888,-0.5605848850625934,0.1792152704614575,0.36363636363636365
id_tl,qwen25_7b,plain,definition,mean,full_minus_shuffled,33,1.3233835913918235,1.0316593861941135,1.6176864340449824,0.9090909090909091
id_tl,qwen25_7b,plain,definition,mean,masked_minus_shuffled,33,0.8523906360973011,0.6108509134162555,1.0996850703701828,0.8484848484848485
id_tl,qwen25_7b,plain,definition,sum,full_minus_language_only,33,-0.8193677266438802,-2.3683940186645045,0.7224360444328978,0.36363636363636365
id_tl,qwen25_7b,plain,definition,sum,full_minus_shuffled,33,5.7012412331321025,4.4922179568897596,6.883770336526813,0.9090909090909091
id_tl,qwen25_7b,plain,definition,sum,masked_minus_shuffled,33,3.602683414112438,2.51621149669994,4.668235473921804,0.8181818181818182
id_tl,qwen25_7b,plain,refers,mean,full_minus_language_only,33,-0.017704429048480408,-0.3063317060470581,0.27568618050127275,0.45454545454545453
id_tl,qwen25_7b,plain,refers,mean,full_minus_shuffled,33,1.137288555954442,0.8969689472155138,1.3604280554887016,0.9393939393939394
id_tl,qwen25_7b,plain,refers,mean,masked_minus_shuffled,33,0.946208144679214,0.7056382737376473,1.1999066882061236,0.9393939393939394
id_tl,qwen25_7b,plain,refers,sum,full_minus_language_only,33,-0.05393464637525154,-1.737742762854605,1.61626624844291,0.5151515151515151
id_tl,qwen25_7b,plain,refers,sum,full_minus_shuffled,33,6.316636345603249,5.229538774490356,7.4064700892477315,0.9696969696969697
id_tl,qwen25_7b,plain,refers,sum,masked_minus_shuffled,33,5.131459756331011,3.915686238895763,6.398500607230447,0.9393939393939394
id_tl,qwen3_8b,chat,bare,mean,full_minus_language_only,33,0.11089113986853397,-0.1954580270882809,0.40489088116270106,0.6363636363636364
id_tl,qwen3_8b,chat,bare,mean,full_minus_shuffled,33,0.3814538464401708,0.029232757019274178,0.763636914527777,0.6363636363636364
id_tl,qwen3_8b,chat,bare,mean,masked_minus_shuffled,33,0.5236283360105572,0.0682550224390897,0.9990897160587888,0.5757575757575758
id_tl,qwen3_8b,chat,bare,sum,full_minus_language_only,33,0.3529635631676876,-0.26437918706373736,0.9822992425976373,0.6060606060606061
id_tl,qwen3_8b,chat,bare,sum,full_minus_shuffled,33,0.8837349053585168,0.17866987531835382,1.711943370645695,0.5757575757575758
id_tl,qwen3_8b,chat,bare,sum,masked_minus_shuffled,33,1.2737356243711528,0.25715976700638277,2.400714462453668,0.6363636363636364
id_tl,qwen3_8b,chat,definition,mean,full_minus_language_only,33,-0.2713868834755637,-0.44492636052044954,-0.08589354717370237,0.2727272727272727
id_tl,qwen3_8b,chat,definition,mean,full_minus_shuffled,33,0.8088238456032493,0.600300774791024,1.0424069603284198,0.9393939393939394
id_tl,qwen3_8b,chat,definition,mean,masked_minus_shuffled,33,0.3975813461072517,0.26849900845325353,0.5425626780047561,0.8484848484848485
id_tl,qwen3_8b,chat,definition,sum,full_minus_language_only,33,-1.0887751145796343,-1.883690747347745,-0.36533837607412695,0.2727272727272727
id_tl,qwen3_8b,chat,definition,sum,full_minus_shuffled,33,3.440123008959221,2.5602450515284683,4.426069969119447,0.9393939393939394
id_tl,qwen3_8b,chat,definition,sum,masked_minus_shuffled,33,1.70336018186627,1.062394058343136,2.4022439537626323,0.8484848484848485
id_tl,qwen3_8b,chat,refers,mean,full_minus_language_only,33,-0.12312188292994644,-0.267793743538134,0.021815420461423398,0.3939393939393939
id_tl,qwen3_8b,chat,refers,mean,full_minus_shuffled,33,0.8646158810817834,0.7004793629501805,1.0289415113853684,1.0
id_tl,qwen3_8b,chat,refers,mean,masked_minus_shuffled,33,0.52977670322765,0.37290787010481863,0.6953467007839315,0.8484848484848485
id_tl,qwen3_8b,chat,refers,sum,full_minus_language_only,33,-0.5234306219852332,-1.3167098464387836,0.27041751832672944,0.42424242424242425
id_tl,qwen3_8b,chat,refers,sum,full_minus_shuffled,33,4.601031332304983,3.7516438036253956,5.468639701785463,1.0
id_tl,qwen3_8b,chat,refers,sum,masked_minus_shuffled,33,2.7652800010912344,1.878554274819114,3.657358504786635,0.8484848484848485
id_tl,qwen3_8b,plain,bare,mean,full_minus_language_only,33,-2.5762472080461905,-3.287734583833001,-1.8624725195494574,0.15151515151515152
id_tl,qwen3_8b,plain,bare,mean,full_minus_shuffled,33,1.3788328604264692,0.9273343985730952,1.8547917217919316,0.8484848484848485
id_tl,qwen3_8b,plain,bare,mean,masked_minus_shuffled,33,1.6266859950441304,0.9244249602158864,2.3938199319622733,0.7878787878787878
id_tl,qwen3_8b,plain,bare,sum,full_minus_language_only,33,-2.5338783264160156,-3.387464753786723,-1.6015917245185738,0.15151515151515152
id_tl,qwen3_8b,plain,bare,sum,full_minus_shuffled,33,1.8235065214561694,1.1730521808971057,2.4910879615581396,0.8181818181818182
id_tl,qwen3_8b,plain,bare,sum,masked_minus_shuffled,33,1.91072391018723,1.0264248212178548,2.813113030339732,0.7272727272727273
id_tl,qwen3_8b,plain,definition,mean,full_minus_language_only,33,-0.18554717844182794,-0.35049946470694104,-0.015362310409546012,0.3939393939393939
id_tl,qwen3_8b,plain,definition,mean,full_minus_shuffled,33,0.8967603914665453,0.679402958985531,1.119958610968156,0.9393939393939394
id_tl,qwen3_8b,plain,definition,mean,masked_minus_shuffled,33,0.5227145353953043,0.3746812634395831,0.6793091604203889,0.9393939393939394
id_tl,qwen3_8b,plain,definition,sum,full_minus_language_only,33,-0.5640120939774946,-1.2873557538697213,0.13256298773216424,0.42424242424242425
id_tl,qwen3_8b,plain,definition,sum,full_minus_shuffled,33,3.9330536235462534,3.0708802367701673,4.806197770436605,0.9696969696969697
id_tl,qwen3_8b,plain,definition,sum,masked_minus_shuffled,33,2.222855047746138,1.5607718294317072,2.926304043423045,0.9090909090909091
id_tl,qwen3_8b,plain,refers,mean,full_minus_language_only,33,-0.14800376964337897,-0.32583128719618826,0.03425063265092415,0.42424242424242425
id_tl,qwen3_8b,plain,refers,mean,full_minus_shuffled,33,0.8811041803070994,0.6811862866083781,1.0804998822284466,0.9393939393939394
id_tl,qwen3_8b,plain,refers,mean,masked_minus_shuffled,33,0.5673094301512747,0.3941931000261596,0.7373898321932009,0.8787878787878788
id_tl,qwen3_8b,plain,refers,sum,full_minus_language_only,33,-0.3926817865082712,-1.2593010411118015,0.4504451191786562,0.5151515151515151
id_tl,qwen3_8b,plain,refers,sum,full_minus_shuffled,33,4.989040866042629,4.108958050698946,5.8727579348015055,1.0
id_tl,qwen3_8b,plain,refers,sum,masked_minus_shuffled,33,3.09084736217152,2.2273209412892663,4.028544125412449,0.9090909090909091
zh_ja,gemma3_12b,chat,bare,mean,full_minus_language_only,27,0.7883711567631474,-0.41632627955189455,2.00332318191175,0.5925925925925926
zh_ja,gemma3_12b,chat,bare,mean,full_minus_shuffled,27,2.6950433165938765,1.067979654117867,4.631971633434295,0.6666666666666666
zh_ja,gemma3_12b,chat,bare,mean,masked_minus_shuffled,27,3.263860649532742,2.0247862294868186,4.594372595239568,0.8518518518518519
zh_ja,gemma3_12b,chat,bare,sum,full_minus_language_only,27,3.5700740814208984,0.5405694069685759,6.992392825197288,0.6296296296296297
zh_ja,gemma3_12b,chat,bare,sum,full_minus_shuffled,27,8.274305661519369,4.482073093343664,12.70424067797484,0.8518518518518519
zh_ja,gemma3_12b,chat,bare,sum,masked_minus_shuffled,27,7.310346497429742,4.111972275486699,10.645502085155908,0.8518518518518519
zh_ja,gemma3_12b,chat,definition,mean,full_minus_language_only,27,1.194808465463144,0.6827901270654467,1.6711915011759155,0.8518518518518519
zh_ja,gemma3_12b,chat,definition,mean,full_minus_shuffled,27,2.4895294507344565,1.9219452699025472,3.0573225582087478,0.9629629629629629
zh_ja,gemma3_12b,chat,definition,mean,masked_minus_shuffled,27,1.817048814561632,1.3133058570049427,2.3081923957224237,0.8888888888888888
zh_ja,gemma3_12b,chat,definition,sum,full_minus_language_only,27,6.131241975007234,3.382700987215395,8.94679629007975,0.8518518518518519
zh_ja,gemma3_12b,chat,definition,sum,full_minus_shuffled,27,12.41353084422924,9.251550197601318,15.72971609963311,0.9259259259259259
zh_ja,gemma3_12b,chat,definition,sum,masked_minus_shuffled,27,9.081596939652055,6.450463181954843,11.63710931495384,0.8888888888888888
zh_ja,gemma3_12b,chat,refers,mean,full_minus_language_only,27,1.0079601252520527,0.6093605090070653,1.4084759045530246,0.8148148148148148
zh_ja,gemma3_12b,chat,refers,mean,full_minus_shuffled,27,2.1931996698732728,1.7915256376619693,2.5993882430924304,1.0
zh_ja,gemma3_12b,chat,refers,mean,masked_minus_shuffled,27,1.8145756721496582,1.4691500800627249,2.1841951158311628,1.0
zh_ja,gemma3_12b,chat,refers,sum,full_minus_language_only,27,6.260076734754774,3.715779721295392,8.885526395727087,0.8518518518518519
zh_ja,gemma3_12b,chat,refers,sum,full_minus_shuffled,27,13.362187703450521,10.661920247254548,16.335665678094934,1.0
zh_ja,gemma3_12b,chat,refers,sum,masked_minus_shuffled,27,10.578909273500797,8.389724523049814,12.879281669192844,0.9629629629629629
zh_ja,gemma3_12b,plain,bare,mean,full_minus_language_only,27,-0.11475246923941153,-0.6259174426396688,0.46456303066677496,0.4444444444444444
zh_ja,gemma3_12b,plain,bare,mean,full_minus_shuffled,27,0.43567810235200105,-0.019075683531937775,0.9079854658356417,0.5555555555555556
zh_ja,gemma3_12b,plain,bare,mean,masked_minus_shuffled,27,0.24796525637308756,-0.20331976678636338,0.6689198796395898,0.6666666666666666
zh_ja,gemma3_12b,plain,bare,sum,full_minus_language_only,27,-0.1762550053773103,-1.304405919048521,1.0715472168392604,0.48148148148148145
zh_ja,gemma3_12b,plain,bare,sum,full_minus_shuffled,27,0.8645186865771258,-0.3034725337116806,2.02491663208714,0.6666666666666666
zh_ja,gemma3_12b,plain,bare,sum,masked_minus_shuffled,27,0.745195088563142,-0.2705881158510844,1.6591109134532787,0.6296296296296297
zh_ja,gemma3_12b,plain,definition,mean,full_minus_language_only,27,0.0012011616318314165,-0.14984629419114853,0.16683866955615842,0.48148148148148145
zh_ja,gemma3_12b,plain,definition,mean,full_minus_shuffled,27,0.22133678860134548,0.08360927347783689,0.36782820600050453,0.7407407407407407
zh_ja,gemma3_12b,plain,definition,mean,masked_minus_shuffled,27,0.06043060620625814,-0.10269683930608961,0.22045702691431376,0.6296296296296297
zh_ja,gemma3_12b,plain,definition,sum,full_minus_language_only,27,-0.3009038501315647,-1.1269339402516683,0.6126625255302118,0.4074074074074074
zh_ja,gemma3_12b,plain,definition,sum,full_minus_shuffled,27,1.015665054321289,0.25072810384962296,1.7815618656299728,0.7037037037037037
zh_ja,gemma3_12b,plain,definition,sum,masked_minus_shuffled,27,0.3902079970748336,-0.5235129797900164,1.29623114267985,0.6666666666666666
zh_ja,gemma3_12b,plain,refers,mean,full_minus_language_only,27,-0.0330204168955485,-0.2240319232145945,0.15987202767972586,0.5185185185185185
zh_ja,gemma3_12b,plain,refers,mean,full_minus_shuffled,27,0.18840857788368506,0.029780211272063085,0.33949155476358195,0.7037037037037037
zh_ja,gemma3_12b,plain,refers,mean,masked_minus_shuffled,27,0.10087130687854907,-0.07958578136232164,0.28013147204010563,0.5925925925925926
zh_ja,gemma3_12b,plain,refers,sum,full_minus_language_only,27,-0.402661782723886,-1.7629402637481688,0.9179505471830001,0.5185185185185185
zh_ja,gemma3_12b,plain,refers,sum,full_minus_shuffled,27,1.184986397072121,0.15395972993638782,2.305072623712045,0.6666666666666666
zh_ja,gemma3_12b,plain,refers,sum,masked_minus_shuffled,27,0.9103075663248698,-0.1493810794971607,1.9983784622616234,0.6296296296296297
zh_ja,gemma3_4b,chat,bare,mean,full_minus_language_only,27,4.086887836456299,2.372177611456977,5.958724571819658,0.8148148148148148
zh_ja,gemma3_4b,chat,bare,mean,full_minus_shuffled,27,4.351994567447239,2.263403123175656,6.591127086127245,0.7037037037037037
zh_ja,gemma3_4b,chat,bare,mean,masked_minus_shuffled,27,3.509626105979637,1.882973657493238,5.1727513476654305,0.7777777777777778
zh_ja,gemma3_4b,chat,bare,sum,full_minus_language_only,27,10.9602595700158,6.5784185268260815,15.53429068415253,0.8888888888888888
zh_ja,gemma3_4b,chat,bare,sum,full_minus_shuffled,27,11.934998635892514,6.648031319291503,17.547730992016966,0.7777777777777778
zh_ja,gemma3_4b,chat,bare,sum,masked_minus_shuffled,27,7.165901634428236,2.828689870569441,11.355482229921552,0.8888888888888888
zh_ja,gemma3_4b,chat,definition,mean,full_minus_language_only,27,1.6747528976864285,1.0811390441876871,2.2890882390516776,0.8518518518518519
zh_ja,gemma3_4b,chat,definition,mean,full_minus_shuffled,27,2.3148325902444347,1.6060487802381869,3.0049009038342365,0.9259259259259259
zh_ja,gemma3_4b,chat,definition,mean,masked_minus_shuffled,27,1.4473264040770355,0.8951139831984485,1.991172594052774,0.8518518518518519
zh_ja,gemma3_4b,chat,definition,sum,full_minus_language_only,27,8.235065813417789,5.002805889977349,11.491607574180318,0.8518518518518519
zh_ja,gemma3_4b,chat,definition,sum,full_minus_shuffled,27,11.39044302481192,7.587897284825643,15.150000448580139,0.9259259259259259
zh_ja,gemma3_4b,chat,definition,sum,masked_minus_shuffled,27,7.370298880117911,4.6317424226690225,10.073505629433525,0.8888888888888888
zh_ja,gemma3_4b,chat,refers,mean,full_minus_language_only,27,1.2325957439563893,0.6182076509352084,1.8410786302001383,0.8148148148148148
zh_ja,gemma3_4b,chat,refers,mean,full_minus_shuffled,27,2.316234500319869,1.6459701429914546,2.9699209036650482,0.8888888888888888
zh_ja,gemma3_4b,chat,refers,mean,masked_minus_shuffled,27,1.7300446474993671,1.1373963643003393,2.3783467522373902,0.8518518518518519
zh_ja,gemma3_4b,chat,refers,sum,full_minus_language_only,27,7.596470444290726,3.7481406547405105,11.520631196763777,0.8148148148148148
zh_ja,gemma3_4b,chat,refers,sum,full_minus_shuffled,27,14.070842107137045,9.341222166132043,18.39712063471476,0.8888888888888888
zh_ja,gemma3_4b,chat,refers,sum,masked_minus_shuffled,27,10.63472338075991,7.123302816461634,14.214162501582384,0.8888888888888888
zh_ja,gemma3_4b,plain,bare,mean,full_minus_language_only,27,0.007892151673634848,-0.5820543203088971,0.5465006771462931,0.5555555555555556
zh_ja,gemma3_4b,plain,bare,mean,full_minus_shuffled,27,1.2663133100227073,0.5501598592157717,2.013326539816679,0.7777777777777778
zh_ja,gemma3_4b,plain,bare,mean,masked_minus_shuffled,27,0.9502278875421595,0.4210709755067472,1.4928060076854843,0.8148148148148148
zh_ja,gemma3_4b,plain,bare,sum,full_minus_language_only,27,0.3961561278060631,-0.8280553134503188,1.6510444327085096,0.5185185185185185
zh_ja,gemma3_4b,plain,bare,sum,full_minus_shuffled,27,2.6674639560558178,1.4597638218491165,3.8770667972388058,0.8148148148148148
zh_ja,gemma3_4b,plain,bare,sum,masked_minus_shuffled,27,1.5858681731753879,0.6406512794671235,2.5510945092748702,0.7037037037037037
zh_ja,gemma3_4b,plain,definition,mean,full_minus_language_only,27,-0.08372033966912164,-0.3017391434422245,0.12958468044245666,0.5185185185185185
zh_ja,gemma3_4b,plain,definition,mean,full_minus_shuffled,27,0.4113665421803792,0.15938138520276104,0.6575015648647589,0.8148148148148148
zh_ja,gemma3_4b,plain,definition,mean,masked_minus_shuffled,27,0.2652649967758744,0.10344805938226206,0.4296933233737944,0.6666666666666666
zh_ja,gemma3_4b,plain,definition,sum,full_minus_language_only,27,-0.24822217446786385,-1.3050618418940791,0.8307183345158891,0.5555555555555556
zh_ja,gemma3_4b,plain,definition,sum,full_minus_shuffled,27,2.300336166664406,1.0956731875737509,3.494545904795329,0.8148148148148148
zh_ja,gemma3_4b,plain,definition,sum,masked_minus_shuffled,27,1.473250530384205,0.636089238414058,2.308397493539032,0.6666666666666666
zh_ja,gemma3_4b,plain,refers,mean,full_minus_language_only,27,0.022965479780126502,-0.1970363246070014,0.24912349129164646,0.48148148148148145
zh_ja,gemma3_4b,plain,refers,mean,full_minus_shuffled,27,0.5643935689219722,0.35934266172073503,0.7839793265969665,0.8518518518518519
zh_ja,gemma3_4b,plain,refers,mean,masked_minus_shuffled,27,0.32182305830496327,0.14999550382296245,0.4900996042622455,0.7407407407407407
zh_ja,gemma3_4b,plain,refers,sum,full_minus_language_only,27,0.4541795518663194,-0.9859881710123133,2.115322943086976,0.5185185185185185
zh_ja,gemma3_4b,plain,refers,sum,full_minus_shuffled,27,3.6980474613330983,2.4407257777673226,5.002116185647469,0.8148148148148148
zh_ja,gemma3_4b,plain,refers,sum,masked_minus_shuffled,27,2.022006882561578,0.8944384089222661,3.0701024982664316,0.7407407407407407
zh_ja,qwen25_7b,chat,bare,mean,full_minus_language_only,27,0.5037962904682866,0.07511447977136683,0.9411497340158179,0.6666666666666666
zh_ja,qwen25_7b,chat,bare,mean,full_minus_shuffled,27,1.663013153605991,0.9937084626268458,2.3741460480071876,0.8518518518518519
zh_ja,qwen25_7b,chat,bare,mean,masked_minus_shuffled,27,2.6280274391174316,1.8657944206838253,3.403437372490211,0.9259259259259259
zh_ja,qwen25_7b,chat,bare,sum,full_minus_language_only,27,2.306241618262397,0.7033740675007856,4.032220158753571,0.6296296296296297
zh_ja,qwen25_7b,chat,bare,sum,full_minus_shuffled,27,5.198579911832456,2.7748220501122653,7.872621032043738,0.8148148148148148
zh_ja,qwen25_7b,chat,bare,sum,masked_minus_shuffled,27,6.737643789362024,4.322682474719153,9.578074008447151,0.8888888888888888
zh_ja,qwen25_7b,chat,definition,mean,full_minus_language_only,27,0.19345311765317563,-0.11827822261386448,0.49766452003408346,0.5555555555555556
zh_ja,qwen25_7b,chat,definition,mean,full_minus_shuffled,27,0.8920127462457728,0.5797853191693624,1.1998146147639661,0.8518518518518519
zh_ja,qwen25_7b,chat,definition,mean,masked_minus_shuffled,27,0.8915383021036783,0.4818467636903127,1.2681315762025336,0.7777777777777778
zh_ja,qwen25_7b,chat,definition,sum,full_minus_language_only,27,1.5874563146520544,-0.4351923094855414,3.5812251956374546,0.6296296296296297
zh_ja,qwen25_7b,chat,definition,sum,full_minus_shuffled,27,5.003616756863064,2.9302670107947453,7.06106012309039,0.7777777777777778
zh_ja,qwen25_7b,chat,definition,sum,masked_minus_shuffled,27,5.365121912073206,2.877271685776887,7.874339937280726,0.8148148148148148
zh_ja,qwen25_7b,chat,refers,mean,full_minus_language_only,27,0.4648848904503716,0.10917142585471824,0.8339067132384689,0.7037037037037037
zh_ja,qwen25_7b,chat,refers,mean,full_minus_shuffled,27,1.3104056693889476,0.9387901003713961,1.692798950495543,0.8518518518518519
zh_ja,qwen25_7b,chat,refers,mean,masked_minus_shuffled,27,1.2857470335783783,0.9144799830736938,1.6550418750003528,0.8888888888888888
zh_ja,qwen25_7b,chat,refers,sum,full_minus_language_only,27,3.0768123909279153,0.5582539452446831,5.541278793193674,0.7037037037037037
zh_ja,qwen25_7b,chat,refers,sum,full_minus_shuffled,27,8.134095651132089,5.460248682234023,10.79547840400978,0.8148148148148148
zh_ja,qwen25_7b,chat,refers,sum,masked_minus_shuffled,27,8.05543362652814,5.481397625252053,10.907691642973155,0.8888888888888888
zh_ja,qwen25_7b,plain,bare,mean,full_minus_language_only,27,-0.45419936489175866,-1.386176159757155,0.3971231942927388,0.4444444444444444
zh_ja,qwen25_7b,plain,bare,mean,full_minus_shuffled,27,1.6719159108621102,0.9762964578690352,2.343955699492384,0.8148148148148148
zh_ja,qwen25_7b,plain,bare,mean,masked_minus_shuffled,27,2.472056093039336,1.5949255327383678,3.3602433445277033,0.8888888888888888
zh_ja,qwen25_7b,plain,bare,sum,full_minus_language_only,27,-0.5445634833088627,-2.389941963167102,1.273545623543086,0.48148148148148145
zh_ja,qwen25_7b,plain,bare,sum,full_minus_shuffled,27,4.208294435783669,2.823936569690704,5.580754369718057,0.8888888888888888
zh_ja,qwen25_7b,plain,bare,sum,masked_minus_shuffled,27,5.942806915000633,4.230566621268237,7.693250857900689,0.8888888888888888
zh_ja,qwen25_7b,plain,definition,mean,full_minus_language_only,27,0.09624199955551713,-0.2090337743361791,0.3834717869758604,0.5185185185185185
zh_ja,qwen25_7b,plain,definition,mean,full_minus_shuffled,27,0.8289886889634309,0.48422308354466054,1.1697323683235379,0.8148148148148148
zh_ja,qwen25_7b,plain,definition,mean,masked_minus_shuffled,27,0.94955665535397,0.6780637052324083,1.249172266986635,0.9259259259259259
zh_ja,qwen25_7b,plain,definition,sum,full_minus_language_only,27,0.725142549585413,-0.966669460579201,2.4620563674856095,0.5555555555555556
zh_ja,qwen25_7b,plain,definition,sum,full_minus_shuffled,27,5.09822361557572,3.431167198993542,6.856068081325953,0.8888888888888888
zh_ja,qwen25_7b,plain,definition,sum,masked_minus_shuffled,27,5.905579072457773,4.299255012582849,7.816192554544517,1.0
zh_ja,qwen25_7b,plain,refers,mean,full_minus_language_only,27,0.2701572268097489,0.03291067955670533,0.5175751883674551,0.6296296296296297
zh_ja,qwen25_7b,plain,refers,mean,full_minus_shuffled,27,0.9103710960458826,0.6342108620537651,1.2018372096397256,0.8888888888888888
zh_ja,qwen25_7b,plain,refers,mean,masked_minus_shuffled,27,1.1299603647655911,0.8662282148996989,1.4089700675672954,0.9629629629629629
zh_ja,qwen25_7b,plain,refers,sum,full_minus_language_only,27,1.9274737393414532,0.22576059941892276,3.780180779209842,0.6296296296296297
zh_ja,qwen25_7b,plain,refers,sum,full_minus_shuffled,27,6.204686235498499,4.37526529011903,8.127214641924256,0.9629629629629629
zh_ja,qwen25_7b,plain,refers,sum,masked_minus_shuffled,27,7.518296241760254,5.6079890357123485,9.582542067103914,1.0
zh_ja,qwen3_8b,chat,bare,mean,full_minus_language_only,27,0.0997689476719609,-0.5251146155375022,0.7414787281442561,0.5555555555555556
zh_ja,qwen3_8b,chat,bare,mean,full_minus_shuffled,27,0.9827388215948034,0.17496420277489558,1.6940518248964238,0.7037037037037037
zh_ja,qwen3_8b,chat,bare,mean,masked_minus_shuffled,27,1.5164438088734944,0.7071589101243904,2.3573634394892933,0.7407407407407407
zh_ja,qwen3_8b,chat,bare,sum,full_minus_language_only,27,0.8573547999064127,-0.8867730900093361,2.5276277347847262,0.5925925925925926
zh_ja,qwen3_8b,chat,bare,sum,full_minus_shuffled,27,3.2749138938056097,1.2632418976889717,5.144157469714129,0.6666666666666666
zh_ja,qwen3_8b,chat,bare,sum,masked_minus_shuffled,27,4.43650464658384,2.6105882026531075,6.427445362232349,0.8148148148148148
zh_ja,qwen3_8b,chat,definition,mean,full_minus_language_only,27,0.15798971388075086,-0.016890919870800433,0.3341890425593764,0.6666666666666666
zh_ja,qwen3_8b,chat,definition,mean,full_minus_shuffled,27,0.6951123785089564,0.5245466751080973,0.8704287484840111,0.9259259259259259
zh_ja,qwen3_8b,chat,definition,mean,masked_minus_shuffled,27,0.5359740698779071,0.35875395006603666,0.7087325694384395,0.8518518518518519
zh_ja,qwen3_8b,chat,definition,sum,full_minus_language_only,27,1.119681888156467,0.16219395531548395,2.0227076318528905,0.6666666666666666
zh_ja,qwen3_8b,chat,definition,sum,full_minus_shuffled,27,3.93523880287453,3.0944309605492486,4.804138026414093,0.9259259259259259
zh_ja,qwen3_8b,chat,definition,sum,masked_minus_shuffled,27,3.1647102214671947,2.2594101534949407,4.062713759033768,0.8888888888888888
zh_ja,qwen3_8b,chat,refers,mean,full_minus_language_only,27,0.32706330440662523,0.18672862384054395,0.46945900232703575,0.7777777777777778
zh_ja,qwen3_8b,chat,refers,mean,full_minus_shuffled,27,0.8337069440771032,0.6784952636118288,0.9919696300118055,0.9629629629629629
zh_ja,qwen3_8b,chat,refers,mean,masked_minus_shuffled,27,0.6595904297298856,0.4974189681035501,0.8250043893301927,0.9259259259259259
zh_ja,qwen3_8b,chat,refers,sum,full_minus_language_only,27,2.2351560945864075,1.2458482283133048,3.2462106704711915,0.7777777777777778
zh_ja,qwen3_8b,chat,refers,sum,full_minus_shuffled,27,5.354562194259079,4.383715089162191,6.410576267595642,0.9629629629629629
zh_ja,qwen3_8b,chat,refers,sum,masked_minus_shuffled,27,4.363500453807689,3.2570477856530085,5.5086253272162535,0.9259259259259259
zh_ja,qwen3_8b,plain,bare,mean,full_minus_language_only,27,-0.12165768168590686,-0.7637122553255822,0.45754841786843753,0.5185185185185185
zh_ja,qwen3_8b,plain,bare,mean,full_minus_shuffled,27,1.5452023170612477,1.0635581210807519,2.029274448421266,0.8148148148148148
zh_ja,qwen3_8b,plain,bare,mean,masked_minus_shuffled,27,2.277159211812196,1.4382091675643567,3.1390260245513035,0.8518518518518519
zh_ja,qwen3_8b,plain,bare,sum,full_minus_language_only,27,0.7870544151023582,-0.3813423256079356,1.9784020242867644,0.5555555555555556
zh_ja,qwen3_8b,plain,bare,sum,full_minus_shuffled,27,3.7635824415418835,2.413492769223672,5.167287048587092,0.8148148148148148
zh_ja,qwen3_8b,plain,bare,sum,masked_minus_shuffled,27,4.635302631943314,3.255687407652537,6.019363206183469,0.8518518518518519
zh_ja,qwen3_8b,plain,definition,mean,full_minus_language_only,27,0.2192453764103077,0.030502537775922708,0.4015113727913959,0.7037037037037037
zh_ja,qwen3_8b,plain,definition,mean,full_minus_shuffled,27,0.8539192941453722,0.6524658139105196,1.0717721187406115,0.9259259259259259
zh_ja,qwen3_8b,plain,definition,mean,masked_minus_shuffled,27,0.7466996245914035,0.5232615043719611,0.9697590830149472,0.9259259259259259
zh_ja,qwen3_8b,plain,definition,sum,full_minus_language_only,27,1.3854549902456779,0.4374299137680619,2.393336933630483,0.7777777777777778
zh_ja,qwen3_8b,plain,definition,sum,full_minus_shuffled,27,4.711210780673557,3.625413340992398,5.88006714273382,0.9259259259259259
zh_ja,qwen3_8b,plain,definition,sum,masked_minus_shuffled,27,4.079764330828631,2.9753934771926316,5.223261026099876,0.9259259259259259
zh_ja,qwen3_8b,plain,refers,mean,full_minus_language_only,27,0.5161602982768306,0.35234987813013574,0.6915843860970603,0.8888888888888888
zh_ja,qwen3_8b,plain,refers,mean,full_minus_shuffled,27,1.1269711167724044,0.9186753100819057,1.339872903956307,0.9629629629629629
zh_ja,qwen3_8b,plain,refers,mean,masked_minus_shuffled,27,0.7873212187378494,0.5859527757874242,0.9944557934999462,0.8888888888888888
zh_ja,qwen3_8b,plain,refers,sum,full_minus_language_only,27,3.327709710156476,2.29320168627633,4.492416346514665,0.8888888888888888
zh_ja,qwen3_8b,plain,refers,sum,full_minus_shuffled,27,6.995843428152579,5.713707317246332,8.268190647054599,0.9629629629629629
zh_ja,qwen3_8b,plain,refers,sum,masked_minus_shuffled,27,4.972144162213361,3.824422702965913,6.088173335569876,0.9259259259259259
