model,component,layer,group,effect,n_items,estimate,ci_low,ci_high,positive_rate
gemma3_12b,attention,0,false_friend,semantic_main,20,0.2604863286018372,-0.8254436084628105,1.5855616335570812,0.55
gemma3_12b,attention,0,false_friend,language_main,20,5.0956307530403135,2.1257479578256606,9.135181463360786,0.85
gemma3_12b,attention,0,monolingual_polysemy,semantic_main,20,-0.13572715520858764,-0.29999396294355396,0.006095098555088008,0.3
gemma3_12b,attention,0,true_friend,language_main,20,-0.6839045524597168,-1.8088044533133507,0.10581863969564433,0.35
gemma3_12b,attention,0,translation_control,language_main,16,-0.17746835947036743,-0.4776335686445236,0.1075802460312838,0.4375
gemma3_12b,attention,4,false_friend,semantic_main,20,0.06668033003807068,-0.1982071825861931,0.3318443673849105,0.5
gemma3_12b,attention,4,false_friend,language_main,20,0.056310099363327024,-0.15647036939859388,0.25974976435303687,0.6
gemma3_12b,attention,4,monolingual_polysemy,semantic_main,20,0.12690885066986085,-0.108583682179451,0.4302911615371703,0.35
gemma3_12b,attention,4,true_friend,language_main,20,0.19045710563659668,0.02385116636753083,0.3605463632941245,0.65
gemma3_12b,attention,4,translation_control,language_main,16,-0.06871781498193874,-0.3242431551218033,0.18105607628822043,0.4375
gemma3_12b,attention,8,false_friend,semantic_main,20,0.2984765410423279,-0.12051806300878525,0.9261058433353891,0.5
gemma3_12b,attention,8,false_friend,language_main,20,-0.009459781646728515,-0.1754141566157341,0.1824823461472988,0.3
gemma3_12b,attention,8,monolingual_polysemy,semantic_main,20,0.017202877998352052,-0.20910435080528259,0.25429895460605617,0.35
gemma3_12b,attention,8,true_friend,language_main,20,-0.17849842309951783,-0.4809793072938919,0.12216873884201047,0.5
gemma3_12b,attention,8,translation_control,language_main,16,-0.3549409657716698,-0.6685187947004875,-0.05627379566431047,0.25
gemma3_12b,attention,12,false_friend,semantic_main,20,-0.04392268061637879,-0.20870590090751645,0.14299507617950435,0.35
gemma3_12b,attention,12,false_friend,language_main,20,-0.16926448941230773,-0.5859631256759167,0.1488300549983978,0.6
gemma3_12b,attention,12,monolingual_polysemy,semantic_main,20,-0.02954310178756714,-0.12359091222286224,0.05264776974916457,0.4
gemma3_12b,attention,12,true_friend,language_main,20,0.19329075813293456,0.00915287256240846,0.37638671815395347,0.65
gemma3_12b,attention,12,translation_control,language_main,16,-0.07811152935028076,-0.3023425221443176,0.16416128575801847,0.3125
gemma3_12b,attention,16,false_friend,semantic_main,20,0.1037416160106659,-0.10519264906644821,0.4271354237198829,0.5
gemma3_12b,attention,16,false_friend,language_main,20,-0.15026747584342956,-0.27155904814600945,-0.02717845782637604,0.2
gemma3_12b,attention,16,monolingual_polysemy,semantic_main,20,-0.07866311073303223,-0.20376121461391447,0.026837540268897894,0.4
gemma3_12b,attention,16,true_friend,language_main,20,-0.03924614191055298,-0.30318266183137893,0.24235544145107266,0.35
gemma3_12b,attention,16,translation_control,language_main,16,-0.13336247950791957,-0.3751849288120794,0.15862755142152307,0.25
gemma3_12b,attention,20,false_friend,semantic_main,20,0.03407073616981506,-0.05328452348709106,0.12243794009089469,0.45
gemma3_12b,attention,20,false_friend,language_main,20,-0.18038788437843323,-0.2623208878934383,-0.097603052854538,0.15
gemma3_12b,attention,20,monolingual_polysemy,semantic_main,20,0.01740880012512207,-0.09937691688537598,0.1401386135816574,0.4
gemma3_12b,attention,20,true_friend,language_main,20,-0.04002444744110108,-0.24907226681709288,0.15447152525186533,0.5
gemma3_12b,attention,20,translation_control,language_main,16,-0.07474673539399923,-0.4376144899055344,0.26190694030374273,0.5
gemma3_12b,attention,24,false_friend,semantic_main,20,0.0321118950843811,-0.06152371495962143,0.11702740371227253,0.6
gemma3_12b,attention,24,false_friend,language_main,20,-0.13559465408325194,-0.28188165694475176,-0.0007735094428063975,0.35
gemma3_12b,attention,24,monolingual_polysemy,semantic_main,20,-0.0019307851791381836,-0.09445183992385864,0.0834882795810699,0.45
gemma3_12b,attention,24,true_friend,language_main,20,-0.030898118019104005,-0.2506741115450859,0.2028988936543463,0.4
gemma3_12b,attention,24,translation_control,language_main,16,0.029127836227416992,-0.2404009833931923,0.31185360327363,0.5
gemma3_12b,attention,28,false_friend,semantic_main,20,0.03031700849533081,-0.027548290342092514,0.09113646194338791,0.5
gemma3_12b,attention,28,false_friend,language_main,20,0.026565051078796385,-0.054057359993457794,0.11216739818453786,0.5
gemma3_12b,attention,28,monolingual_polysemy,semantic_main,20,-0.03710992336273193,-0.07880658268928528,0.00030549764633176784,0.35
gemma3_12b,attention,28,true_friend,language_main,20,0.00985867977142334,-0.1376256275177002,0.17214449584484096,0.5
gemma3_12b,attention,28,translation_control,language_main,16,0.18185209482908116,0.006986843980847425,0.35280507821589707,0.75
gemma3_12b,attention,32,false_friend,semantic_main,20,0.05611167550086975,0.0005810375511646271,0.1211464551091194,0.55
gemma3_12b,attention,32,false_friend,language_main,20,-0.002649492025375366,-0.07515172824263572,0.0626814220845699,0.45
gemma3_12b,attention,32,monolingual_polysemy,semantic_main,20,0.018250811100006103,-0.02498449057340622,0.06509788244962691,0.5
gemma3_12b,attention,32,true_friend,language_main,20,-0.09746614694595337,-0.27096826285123826,0.06893072336912136,0.45
gemma3_12b,attention,32,translation_control,language_main,16,-0.059908196330070496,-0.25429328382015226,0.14042774066328997,0.3125
gemma3_12b,attention,36,false_friend,semantic_main,20,0.03635393977165222,-0.03712719053030014,0.1078165917098522,0.6
gemma3_12b,attention,36,false_friend,language_main,20,0.024200814962387084,-0.03318380326032638,0.08676763698458669,0.45
gemma3_12b,attention,36,monolingual_polysemy,semantic_main,20,0.0025540590286254883,-0.04427805483341217,0.04620360136032102,0.4
gemma3_12b,attention,36,true_friend,language_main,20,-0.01628565788269043,-0.11224473655223846,0.08013700127601621,0.5
gemma3_12b,attention,36,translation_control,language_main,16,0.039424121379852295,-0.03401236608624458,0.11095867604017255,0.6875
gemma3_12b,attention,40,false_friend,semantic_main,20,-0.033369380235672,-0.08698499694466591,0.021437498927116393,0.3
gemma3_12b,attention,40,false_friend,language_main,20,-0.02793617844581604,-0.07216720432043075,0.011604236811399424,0.4
gemma3_12b,attention,40,monolingual_polysemy,semantic_main,20,-0.049631166458129886,-0.09612441837787628,-0.0102578753232956,0.35
gemma3_12b,attention,40,true_friend,language_main,20,-0.0729569673538208,-0.1565093779563904,0.00986001491546629,0.15
gemma3_12b,attention,40,translation_control,language_main,16,0.017404176294801843,-0.14811137169599534,0.2144257145002484,0.375
gemma3_12b,attention,44,false_friend,semantic_main,20,0.022553324699401855,-0.017961218059062957,0.07064103364944453,0.4
gemma3_12b,attention,44,false_friend,language_main,20,-0.042669713497161865,-0.11245195806026459,0.01071327537298201,0.45
gemma3_12b,attention,44,monolingual_polysemy,semantic_main,20,0.0005242586135864258,-0.025560441613197326,0.02478902459144591,0.5
gemma3_12b,attention,44,true_friend,language_main,20,-0.11634016036987305,-0.19384490191936493,-0.0482127004861832,0.1
gemma3_12b,attention,44,translation_control,language_main,16,-0.07405722141265869,-0.19916994571685792,0.05016013681888578,0.3125
gemma3_12b,attention,47,false_friend,semantic_main,20,0.0,0.0,0.0,0.0
gemma3_12b,attention,47,false_friend,language_main,20,0.0,0.0,0.0,0.0
gemma3_12b,attention,47,monolingual_polysemy,semantic_main,20,0.0,0.0,0.0,0.0
gemma3_12b,attention,47,true_friend,language_main,20,0.0,0.0,0.0,0.0
gemma3_12b,attention,47,translation_control,language_main,16,0.0,0.0,0.0,0.0
gemma3_12b,mlp,0,false_friend,semantic_main,20,0.30779641270637514,-0.8150883547961713,1.7088318745791913,0.5
gemma3_12b,mlp,0,false_friend,language_main,20,2.319407969713211,0.6389127390086651,5.018083709031344,0.8
gemma3_12b,mlp,0,monolingual_polysemy,semantic_main,20,0.021257054805755616,-0.07267997056245803,0.11507337450981138,0.4
gemma3_12b,mlp,0,true_friend,language_main,20,-0.15875587463378907,-1.6422515779733657,1.0561632621288297,0.45
gemma3_12b,mlp,0,translation_control,language_main,16,0.23227704688906492,-0.34750983016565623,0.7666388263925902,0.625
gemma3_12b,mlp,4,false_friend,semantic_main,20,0.016474783420562744,-0.5420947295427323,0.4297023034095756,0.6
gemma3_12b,mlp,4,false_friend,language_main,20,2.170743203163147,0.5276897338032722,4.653378393352028,0.7
gemma3_12b,mlp,4,monolingual_polysemy,semantic_main,20,0.22462570667266846,0.01281453907489777,0.5189301162958142,0.55
gemma3_12b,mlp,4,true_friend,language_main,20,-0.17248551845550536,-0.8942638933658599,0.34976574122905696,0.4
gemma3_12b,mlp,4,translation_control,language_main,16,0.22259320318698883,-0.1337326094508171,0.597210279107093,0.625
gemma3_12b,mlp,8,false_friend,semantic_main,20,1.0254880487918854,0.5031170773506164,1.6146136353909966,0.75
gemma3_12b,mlp,8,false_friend,language_main,20,2.284433978796005,0.9226122869551182,4.256687456369399,0.85
gemma3_12b,mlp,8,monolingual_polysemy,semantic_main,20,0.23391292095184327,0.0036403113603591937,0.4633675467967987,0.55
gemma3_12b,mlp,8,true_friend,language_main,20,-0.18886637687683105,-0.9414206629991532,0.5424755805730819,0.55
gemma3_12b,mlp,8,translation_control,language_main,16,0.1754809319972992,-0.22592159360647202,0.5801991865038869,0.5
gemma3_12b,mlp,12,false_friend,semantic_main,20,0.7872052967548371,0.2757633310556412,1.4720492413640018,0.7
gemma3_12b,mlp,12,false_friend,language_main,20,1.2618989527225495,0.7698386412858963,1.865835823714732,0.95
gemma3_12b,mlp,12,monolingual_polysemy,semantic_main,20,0.10796247720718384,-0.0691733780503273,0.285295129418373,0.45
gemma3_12b,mlp,12,true_friend,language_main,20,-0.25577421188354493,-0.7860473102331161,0.21816444814205158,0.45
gemma3_12b,mlp,12,translation_control,language_main,16,0.12650732696056366,-0.25261414162814616,0.5600541986525058,0.4375
gemma3_12b,mlp,16,false_friend,semantic_main,20,0.44985952973365784,0.19588776543736458,0.7201856084167955,0.7
gemma3_12b,mlp,16,false_friend,language_main,20,0.5848630845546723,0.28593101918697356,0.9767505037784575,0.8
gemma3_12b,mlp,16,monolingual_polysemy,semantic_main,20,-0.008223938941955566,-0.28386423945426936,0.24796742200851435,0.4
gemma3_12b,mlp,16,true_friend,language_main,20,0.11646753549575806,-0.3174194821715355,0.5392377707362166,0.55
gemma3_12b,mlp,16,translation_control,language_main,16,-0.021808668971068812,-0.40239031128585356,0.3119461961090489,0.4375
gemma3_12b,mlp,20,false_friend,semantic_main,20,0.11967813968658447,-0.03385222911834716,0.2896251389384269,0.55
gemma3_12b,mlp,20,false_friend,language_main,20,0.4493102550506592,0.19776182532310485,0.750224902331829,0.8
gemma3_12b,mlp,20,monolingual_polysemy,semantic_main,20,0.10879256725311279,-0.02281451165676117,0.23822658240795125,0.55
gemma3_12b,mlp,20,true_friend,language_main,20,0.05996972322463989,-0.23662690252065657,0.36286398977041234,0.55
gemma3_12b,mlp,20,translation_control,language_main,16,-0.2948564141988754,-0.6693184420466423,0.09030860103666734,0.25
gemma3_12b,mlp,24,false_friend,semantic_main,20,0.11075809001922607,-0.05924919694662093,0.2788876678049564,0.6
gemma3_12b,mlp,24,false_friend,language_main,20,0.14218212366104127,-0.04394701853394508,0.3149639281630516,0.75
gemma3_12b,mlp,24,monolingual_polysemy,semantic_main,20,0.05072671175003052,-0.09231746673583983,0.2029131683707237,0.45
gemma3_12b,mlp,24,true_friend,language_main,20,0.36608041524887086,0.1127382281422615,0.6461490437388421,0.6
gemma3_12b,mlp,24,translation_control,language_main,16,0.32265253365039825,-0.03887373879551887,0.6766541484743356,0.5625
gemma3_12b,mlp,28,false_friend,semantic_main,20,0.062061202526092527,0.006293815970420839,0.1239850369095802,0.6
gemma3_12b,mlp,28,false_friend,language_main,20,0.1047934889793396,-0.008141629993915555,0.21354814648628226,0.6
gemma3_12b,mlp,28,monolingual_polysemy,semantic_main,20,0.019286537170410158,-0.04110970973968506,0.07311795711517327,0.6
gemma3_12b,mlp,28,true_friend,language_main,20,0.07730777263641357,-0.0736213955283165,0.2283955445885656,0.55
gemma3_12b,mlp,28,translation_control,language_main,16,0.21603352576494084,-0.029844099096953895,0.4475085802376253,0.6875
gemma3_12b,mlp,32,false_friend,semantic_main,20,-0.024507021903991698,-0.08598198935389519,0.04322837218642233,0.3
gemma3_12b,mlp,32,false_friend,language_main,20,-0.0024836063385009766,-0.08846532076597213,0.07504964023828505,0.55
gemma3_12b,mlp,32,monolingual_polysemy,semantic_main,20,-0.03356434106826782,-0.10801302254199982,0.03365171164274215,0.35
gemma3_12b,mlp,32,true_friend,language_main,20,-0.026149725914001463,-0.1597864782810211,0.08992776870727537,0.5
gemma3_12b,mlp,32,translation_control,language_main,16,0.022564828395843506,-0.15223357677459717,0.20515586733818053,0.5
gemma3_12b,mlp,36,false_friend,semantic_main,20,-0.014542853832244873,-0.0756287994980812,0.046376776397228224,0.45
gemma3_12b,mlp,36,false_friend,language_main,20,-0.029957103729248046,-0.11138193577528,0.043567711114883355,0.5
gemma3_12b,mlp,36,monolingual_polysemy,semantic_main,20,-0.018792223930358887,-0.07063024878501892,0.02755351305007934,0.3
gemma3_12b,mlp,36,true_friend,language_main,20,0.1690799593925476,0.05179291933774949,0.2920938053727146,0.65
gemma3_12b,mlp,36,translation_control,language_main,16,-0.0625076815485972,-0.24625411126762803,0.09682121463119635,0.4375
gemma3_12b,mlp,40,false_friend,semantic_main,20,0.02830162048339844,-0.010079943537712096,0.06281971842050549,0.7
gemma3_12b,mlp,40,false_friend,language_main,20,0.02279796600341797,-0.046300676167011265,0.0930245018005371,0.55
gemma3_12b,mlp,40,monolingual_polysemy,semantic_main,20,0.015816307067871092,-0.024037612080574033,0.05672045171260832,0.45
gemma3_12b,mlp,40,true_friend,language_main,20,0.024186527729034422,-0.0993795046210289,0.1585718274116515,0.4
gemma3_12b,mlp,40,translation_control,language_main,16,-0.014428317546844482,-0.16873509660363195,0.13093068823218332,0.4375
gemma3_12b,mlp,44,false_friend,semantic_main,20,-0.007498341798782349,-0.053221248537302014,0.04003686040639877,0.4
gemma3_12b,mlp,44,false_friend,language_main,20,-0.011338371038436889,-0.06640519142150879,0.04220190599560733,0.4
gemma3_12b,mlp,44,monolingual_polysemy,semantic_main,20,0.003277719020843506,-0.04047985672950745,0.03842970222234724,0.5
gemma3_12b,mlp,44,true_friend,language_main,20,0.025798273086547852,-0.044805499911308284,0.09557857096195212,0.55
gemma3_12b,mlp,44,translation_control,language_main,16,-0.032980531454086304,-0.16151250526309013,0.09592612534761429,0.4375
gemma3_12b,mlp,47,false_friend,semantic_main,20,0.0,0.0,0.0,0.0
gemma3_12b,mlp,47,false_friend,language_main,20,0.0,0.0,0.0,0.0
gemma3_12b,mlp,47,monolingual_polysemy,semantic_main,20,0.0,0.0,0.0,0.0
gemma3_12b,mlp,47,true_friend,language_main,20,0.0,0.0,0.0,0.0
gemma3_12b,mlp,47,translation_control,language_main,16,0.0,0.0,0.0,0.0
gemma3_12b,residual,0,false_friend,semantic_main,20,0.0019068002700805664,-0.9617486348748207,0.8305178943276404,0.45
gemma3_12b,residual,0,false_friend,language_main,20,1.0259397983551026,-0.302427584528923,2.5144702029228205,0.7
gemma3_12b,residual,0,monolingual_polysemy,semantic_main,20,0.15444408655166625,-0.08225948065519333,0.4981104889512062,0.4
gemma3_12b,residual,0,true_friend,language_main,20,-1.9149333834648132,-6.726358316838741,2.2150922074913955,0.55
gemma3_12b,residual,0,translation_control,language_main,16,3.611407775431795,1.561538290884193,5.97525674495845,0.875
gemma3_12b,residual,4,false_friend,semantic_main,20,0.7111776202917099,0.08015422426164151,1.5297094918042413,0.55
gemma3_12b,residual,4,false_friend,language_main,20,7.20692842900753,4.138730668202043,10.802698912024493,0.8
gemma3_12b,residual,4,monolingual_polysemy,semantic_main,20,0.27287288308143615,-0.20494859859347342,0.820812144577503,0.35
gemma3_12b,residual,4,true_friend,language_main,20,-3.562102973461151,-7.75335982978344,-0.03586212068796587,0.3
gemma3_12b,residual,4,translation_control,language_main,16,2.49190210178487,1.043221984337939,4.150314924213966,0.75
gemma3_12b,residual,8,false_friend,semantic_main,20,2.4501675933599474,0.8246183191984892,4.017560839653015,0.7
gemma3_12b,residual,8,false_friend,language_main,20,12.019195184111595,7.086908349841833,17.438414625599968,0.95
gemma3_12b,residual,8,monolingual_polysemy,semantic_main,20,0.8555493295192719,-0.01620330244302748,1.794703665971756,0.55
gemma3_12b,residual,8,true_friend,language_main,20,-3.4604486227035522,-6.425109544694424,-0.7549751660227795,0.3
gemma3_12b,residual,8,translation_control,language_main,16,-0.5688251182442277,-2.1430191602567663,0.7645904963824902,0.5
gemma3_12b,residual,12,false_friend,semantic_main,20,2.482829049229622,0.24697707757353785,5.079807210713622,0.65
gemma3_12b,residual,12,false_friend,language_main,20,10.906651321053506,6.4327509706467385,15.986790582463145,0.95
gemma3_12b,residual,12,monolingual_polysemy,semantic_main,20,0.777079439163208,-0.07566411137580872,1.733700462281703,0.45
gemma3_12b,residual,12,true_friend,language_main,20,-0.825579833984375,-2.6678558707237245,0.9060171407461153,0.5
gemma3_12b,residual,12,translation_control,language_main,16,1.566126611079369,-0.12994645806478075,3.567163056960346,0.625
gemma3_12b,residual,16,false_friend,semantic_main,20,5.895848101377487,2.8399031506478787,9.321483314335342,0.7
gemma3_12b,residual,16,false_friend,language_main,20,9.610560113191605,5.834508888721466,13.633961666673416,0.9
gemma3_12b,residual,16,monolingual_polysemy,semantic_main,20,0.6144796252250672,-0.05890813052654266,1.3641213971376418,0.5
gemma3_12b,residual,16,true_friend,language_main,20,-0.7346573591232299,-2.154944912791252,0.6445545202493668,0.4
gemma3_12b,residual,16,translation_control,language_main,16,-0.2381025105731709,-1.9030369043366135,1.3982591561968567,0.5
gemma3_12b,residual,20,false_friend,semantic_main,20,4.664687842130661,2.261056638509035,7.180136527717113,0.7
gemma3_12b,residual,20,false_friend,language_main,20,6.932375341653824,4.144372337460518,10.062210585325952,0.9
gemma3_12b,residual,20,monolingual_polysemy,semantic_main,20,0.6611715197563172,0.16937434196472168,1.239852806031703,0.55
gemma3_12b,residual,20,true_friend,language_main,20,-0.3041184782981873,-1.8917146024107934,1.2116593843698487,0.4
gemma3_12b,residual,20,translation_control,language_main,16,-0.15664247423431021,-1.1276817997919402,0.5497047249219515,0.5625
gemma3_12b,residual,24,false_friend,semantic_main,20,3.3889768779277802,1.4604328343272208,5.566654488295315,0.75
gemma3_12b,residual,24,false_friend,language_main,20,4.99886571764946,2.909854516237974,7.649925193339586,0.95
gemma3_12b,residual,24,monolingual_polysemy,semantic_main,20,0.6820270955562592,0.24199015483260153,1.1657735709846015,0.7
gemma3_12b,residual,24,true_friend,language_main,20,0.2881437301635742,-0.6503314185142517,1.3117435896396634,0.5
gemma3_12b,residual,24,translation_control,language_main,16,0.45933794230223146,-0.16616537477821114,1.0461335066705908,0.6875
gemma3_12b,residual,28,false_friend,semantic_main,20,0.3162653148174286,0.023160558044910438,0.6731572027504444,0.55
gemma3_12b,residual,28,false_friend,language_main,20,0.6140506088733673,0.19262475967407228,1.0833832009136675,0.75
gemma3_12b,residual,28,monolingual_polysemy,semantic_main,20,0.062467408180236814,-0.062497063875198364,0.1893149757385254,0.55
gemma3_12b,residual,28,true_friend,language_main,20,0.2977167844772339,0.0749690979719162,0.5278124397993087,0.75
gemma3_12b,residual,28,translation_control,language_main,16,0.5827536731958443,0.33125778026879354,0.8336057458072946,0.8125
gemma3_12b,residual,32,false_friend,semantic_main,20,0.1982797384262085,0.017613877058029175,0.44177677333354937,0.6
gemma3_12b,residual,32,false_friend,language_main,20,0.2713340878486633,0.018994016945362093,0.5830967810750007,0.65
gemma3_12b,residual,32,monolingual_polysemy,semantic_main,20,-0.03604323863983154,-0.10378117084503174,0.03973356902599323,0.25
gemma3_12b,residual,32,true_friend,language_main,20,0.19415398836135864,-0.013454446494579313,0.41051053673028937,0.5
gemma3_12b,residual,32,translation_control,language_main,16,0.3962764516472852,0.1194395180791652,0.6711606996133924,0.6875
gemma3_12b,residual,36,false_friend,semantic_main,20,0.035048627853393556,-0.0889810460805893,0.19834736913442608,0.45
gemma3_12b,residual,36,false_friend,language_main,20,0.15423238277435303,0.010529287457466128,0.31013386577367774,0.65
gemma3_12b,residual,36,monolingual_polysemy,semantic_main,20,-0.001895308494567871,-0.07352872014045715,0.08320372164249415,0.3
gemma3_12b,residual,36,true_friend,language_main,20,0.20435454845428466,-0.023217611312866208,0.4347368085384367,0.65
gemma3_12b,residual,36,translation_control,language_main,16,0.4822937548160553,0.17581948041915893,0.8000288747251033,0.6875
gemma3_12b,residual,40,false_friend,semantic_main,20,0.004461604356765747,-0.059876418113708495,0.06627832978963842,0.55
gemma3_12b,residual,40,false_friend,language_main,20,0.007513469457626343,-0.07970139607787131,0.0911301684379575,0.55
gemma3_12b,residual,40,monolingual_polysemy,semantic_main,20,0.01708543300628662,-0.03734546303749084,0.08124556601047499,0.35
gemma3_12b,residual,40,true_friend,language_main,20,0.17676206827163696,-0.02128341287374496,0.37150515705347015,0.6
gemma3_12b,residual,40,translation_control,language_main,16,0.12417489290237427,-0.04766953811049461,0.2741555035114287,0.75
gemma3_12b,residual,44,false_friend,semantic_main,20,0.010929477214813233,-0.07049834072589874,0.08520011842250821,0.5
gemma3_12b,residual,44,false_friend,language_main,20,-0.008607852458953857,-0.09393770217895507,0.07257446438074111,0.55
gemma3_12b,residual,44,monolingual_polysemy,semantic_main,20,0.023686981201171874,-0.021716715693473818,0.0790646755695343,0.45
gemma3_12b,residual,44,true_friend,language_main,20,0.02410273551940918,-0.09464818358421326,0.15021709561347948,0.4
gemma3_12b,residual,44,translation_control,language_main,16,-0.05429556965827942,-0.13628330901265145,0.03271848410367943,0.375
gemma3_12b,residual,47,false_friend,semantic_main,20,0.0,0.0,0.0,0.0
gemma3_12b,residual,47,false_friend,language_main,20,0.0,0.0,0.0,0.0
gemma3_12b,residual,47,monolingual_polysemy,semantic_main,20,0.0,0.0,0.0,0.0
gemma3_12b,residual,47,true_friend,language_main,20,0.0,0.0,0.0,0.0
gemma3_12b,residual,47,translation_control,language_main,16,0.0,0.0,0.0,0.0
qwen3_8b,attention,0,false_friend,semantic_main,20,-0.04885023757815361,-0.4113867555372417,0.29701642632484426,0.45
qwen3_8b,attention,0,false_friend,language_main,20,1.0585297107696534,0.14280220314860342,2.543947663009166,0.65
qwen3_8b,attention,0,monolingual_polysemy,semantic_main,20,0.13414509296417237,0.00197590708732605,0.32068894952535615,0.5
qwen3_8b,attention,0,true_friend,language_main,20,0.06335416385700228,-0.5047313704628686,0.6443324545025821,0.55
qwen3_8b,attention,0,translation_control,language_main,16,0.29740731688798405,-0.2275279689034505,0.8573923666706831,0.5
qwen3_8b,attention,4,false_friend,semantic_main,20,0.10579796880483627,-0.045804666280746455,0.24927795529365537,0.65
qwen3_8b,attention,4,false_friend,language_main,20,0.7773487642407417,0.13894953817129135,1.6717277162522075,0.6
qwen3_8b,attention,4,monolingual_polysemy,semantic_main,20,0.008702290058135987,-0.12228527247905731,0.10362973123788814,0.55
qwen3_8b,attention,4,true_friend,language_main,20,-0.21111976504334962,-0.3168066346645355,-0.1021084015071415,0.25
qwen3_8b,attention,4,translation_control,language_main,16,-0.027284186830456747,-0.14232239938652355,0.07498400608665177,0.625
qwen3_8b,attention,8,false_friend,semantic_main,20,0.028294434398412706,-0.14845144689083098,0.20267086958512656,0.35
qwen3_8b,attention,8,false_friend,language_main,20,0.022741245478391646,-0.05712645439431071,0.11272957863286136,0.6
qwen3_8b,attention,8,monolingual_polysemy,semantic_main,20,0.005498957633972168,-0.04206913530826569,0.05336714923381796,0.4
qwen3_8b,attention,8,true_friend,language_main,20,0.02802023606077455,-0.1418693619798455,0.18339583725892217,0.5
qwen3_8b,attention,8,translation_control,language_main,16,0.11086647867750798,-0.0455043639323776,0.2842091415077446,0.5
qwen3_8b,attention,12,false_friend,semantic_main,20,-0.012426777184009552,-0.08989062871783972,0.061982034444808945,0.35
qwen3_8b,attention,12,false_friend,language_main,20,0.028305153548717498,-0.0726565932482481,0.1345160524919629,0.4
qwen3_8b,attention,12,monolingual_polysemy,semantic_main,20,-0.008401453495025635,-0.07822701901197433,0.06793942570686337,0.25
qwen3_8b,attention,12,true_friend,language_main,20,0.08866223695954431,-0.05547333460733284,0.23506093579611725,0.5
qwen3_8b,attention,12,translation_control,language_main,16,-0.06346021622266562,-0.18872376262988838,0.06902381888039598,0.4375
qwen3_8b,attention,16,false_friend,semantic_main,20,0.05428690761327744,-0.025227193236351014,0.14383126065135,0.6
qwen3_8b,attention,16,false_friend,language_main,20,-0.08386280536651611,-0.1875646921992302,0.00951583832502362,0.35
qwen3_8b,attention,16,monolingual_polysemy,semantic_main,20,-0.051863229274749754,-0.10656535595655442,-0.005148158967495038,0.35
qwen3_8b,attention,16,true_friend,language_main,20,0.011392441326643165,-0.08919961474836327,0.10585660278453358,0.5
qwen3_8b,attention,16,translation_control,language_main,16,-0.07800635324656469,-0.21615385377644997,0.06277757210618796,0.5
qwen3_8b,attention,20,false_friend,semantic_main,20,-0.03767652362585068,-0.09384421344846487,0.014917267523705926,0.35
qwen3_8b,attention,20,false_friend,language_main,20,-0.0454987034201622,-0.10366020109504462,0.010939532853662946,0.45
qwen3_8b,attention,20,monolingual_polysemy,semantic_main,20,-0.0018007755279541016,-0.02775082916021347,0.02325516879558559,0.45
qwen3_8b,attention,20,true_friend,language_main,20,-0.04213406450992352,-0.11372799031197416,0.025821539533211896,0.35
qwen3_8b,attention,20,translation_control,language_main,16,-0.006336063167964312,-0.12801786810159682,0.10801328861208499,0.4375
qwen3_8b,attention,24,false_friend,semantic_main,20,0.028540489822626115,-0.0022249749861657613,0.060380617883056396,0.65
qwen3_8b,attention,24,false_friend,language_main,20,0.12767329588532447,0.05957681015133858,0.2086034619808196,0.8
qwen3_8b,attention,24,monolingual_polysemy,semantic_main,20,-0.009435677528381347,-0.04140720635652542,0.020802520215511273,0.3
qwen3_8b,attention,24,true_friend,language_main,20,0.02657758288196419,-0.09012478344196324,0.1562899357112496,0.45
qwen3_8b,attention,24,translation_control,language_main,16,0.0680260580452341,-0.027606073157960508,0.16346623640974936,0.625
qwen3_8b,attention,28,false_friend,semantic_main,20,0.020392903685569765,-0.0030747121572494507,0.042287102267146104,0.6
qwen3_8b,attention,28,false_friend,language_main,20,0.011159540712833404,-0.010431170612573622,0.03363991413265465,0.6
qwen3_8b,attention,28,monolingual_polysemy,semantic_main,20,-0.023416996002197266,-0.051538169384002686,0.0030763399600982635,0.25
qwen3_8b,attention,28,true_friend,language_main,20,-0.04489844739400724,-0.10178417488897139,0.01211064644158787,0.3
qwen3_8b,attention,28,translation_control,language_main,16,0.02549181878566742,-0.04119979180395603,0.08762381970882414,0.6875
qwen3_8b,attention,32,false_friend,semantic_main,20,-0.02707710489630699,-0.04905073033645749,-0.0070481466315687035,0.2
qwen3_8b,attention,32,false_friend,language_main,20,0.008006063848733902,-0.01329636352136731,0.027878791820257893,0.55
qwen3_8b,attention,32,monolingual_polysemy,semantic_main,20,0.003221261501312256,-0.010387311279773711,0.017186622023582444,0.45
qwen3_8b,attention,32,true_friend,language_main,20,-0.028917646408081053,-0.08721453845500947,0.029789639115333545,0.25
qwen3_8b,attention,32,translation_control,language_main,16,0.06754006445407867,0.011982623115181924,0.13880703262984745,0.5
qwen3_8b,attention,35,false_friend,semantic_main,20,0.0,0.0,0.0,0.0
qwen3_8b,attention,35,false_friend,language_main,20,0.0,0.0,0.0,0.0
qwen3_8b,attention,35,monolingual_polysemy,semantic_main,20,0.0,0.0,0.0,0.0
qwen3_8b,attention,35,true_friend,language_main,20,0.0,0.0,0.0,0.0
qwen3_8b,attention,35,translation_control,language_main,16,0.0,0.0,0.0,0.0
qwen3_8b,mlp,0,false_friend,semantic_main,20,0.20220087394118308,-0.15126589816063643,0.5477168886363505,0.6
qwen3_8b,mlp,0,false_friend,language_main,20,0.2152658484876156,-0.13537407539784907,0.6103069297969336,0.65
qwen3_8b,mlp,0,monolingual_polysemy,semantic_main,20,0.1232143759727478,-0.007717033028602595,0.2812640634179114,0.45
qwen3_8b,mlp,0,true_friend,language_main,20,-0.3859967993023474,-1.599422465545574,0.6995599872614918,0.35
qwen3_8b,mlp,0,translation_control,language_main,16,1.3149959411375671,0.5355944405770515,2.118399918367843,0.75
qwen3_8b,mlp,4,false_friend,semantic_main,20,0.11851416900753975,-0.17177825270220637,0.505846509635448,0.5
qwen3_8b,mlp,4,false_friend,language_main,20,2.5213567458093165,0.7817067027650774,4.842808336224406,0.85
qwen3_8b,mlp,4,monolingual_polysemy,semantic_main,20,0.034072470664978025,-0.06473692119121552,0.14091281592845906,0.5
qwen3_8b,mlp,4,true_friend,language_main,20,0.06194209765390042,-0.4110787867401996,0.4136642110374645,0.6
qwen3_8b,mlp,4,translation_control,language_main,16,-0.4767050302989446,-0.8766087599098682,-0.12783410916399593,0.25
qwen3_8b,mlp,8,false_friend,semantic_main,20,0.3692332744598389,0.13578502029180525,0.6458612549304958,0.65
qwen3_8b,mlp,8,false_friend,language_main,20,1.3448471128940582,0.6893120406568051,2.116832809150219,0.9
qwen3_8b,mlp,8,monolingual_polysemy,semantic_main,20,0.07218343019485474,-0.11954205662012099,0.24153742551803564,0.55
qwen3_8b,mlp,8,true_friend,language_main,20,-0.2719758484742442,-0.5729408977873448,-0.0014505500611000065,0.5
qwen3_8b,mlp,8,translation_control,language_main,16,0.05432528242954504,-0.1984240163117647,0.31081113703548907,0.625
qwen3_8b,mlp,12,false_friend,semantic_main,20,0.2001393847167492,0.039981253407895566,0.3648258162662387,0.6
qwen3_8b,mlp,12,false_friend,language_main,20,0.3194891460239887,0.1220130099542439,0.5302042932249604,0.7
qwen3_8b,mlp,12,monolingual_polysemy,semantic_main,20,-0.09619543552398682,-0.22075050264596938,0.019056476354598867,0.25
qwen3_8b,mlp,12,true_friend,language_main,20,-0.09134437736720429,-0.3118262446070503,0.20422020740885266,0.2
qwen3_8b,mlp,12,translation_control,language_main,16,0.2009229284203684,-0.10291111049359643,0.5311890628612672,0.625
qwen3_8b,mlp,16,false_friend,semantic_main,20,0.014842651039361953,-0.04801022259518504,0.0750483616068959,0.6
qwen3_8b,mlp,16,false_friend,language_main,20,0.2227547474205494,0.07636528428643942,0.38988872764632077,0.75
qwen3_8b,mlp,16,monolingual_polysemy,semantic_main,20,0.010870587825775147,-0.08503278225660324,0.09374671518802641,0.55
qwen3_8b,mlp,16,true_friend,language_main,20,-0.0771682980524929,-0.23071648836245004,0.09637155133102147,0.3
qwen3_8b,mlp,16,translation_control,language_main,16,-0.18715365956427377,-0.3258312400430441,-0.05284904614090936,0.25
qwen3_8b,mlp,20,false_friend,semantic_main,20,0.07547654137015343,-0.030068065691739306,0.18423180758953092,0.65
qwen3_8b,mlp,20,false_friend,language_main,20,0.1336409904062748,0.014895272850990297,0.2565889675356443,0.65
qwen3_8b,mlp,20,monolingual_polysemy,semantic_main,20,0.011940395832061768,-0.055818633139133454,0.09683388441801064,0.4
qwen3_8b,mlp,20,true_friend,language_main,20,0.020459842752620715,-0.10212753712745438,0.16479980006991238,0.35
qwen3_8b,mlp,20,translation_control,language_main,16,0.0003428420213822392,-0.1609613020623101,0.1587642367929218,0.5
qwen3_8b,mlp,24,false_friend,semantic_main,20,0.025879564136266707,-0.05644158229231834,0.11240631738677619,0.5
qwen3_8b,mlp,24,false_friend,language_main,20,0.205921982973814,0.08323963530361653,0.3469718046113849,0.7
qwen3_8b,mlp,24,monolingual_polysemy,semantic_main,20,0.01257866621017456,-0.045515187680721284,0.06648891687393182,0.45
qwen3_8b,mlp,24,true_friend,language_main,20,-0.0173413009078331,-0.19973843072977898,0.12557452143570735,0.55
qwen3_8b,mlp,24,translation_control,language_main,16,0.017238426609765156,-0.07718768446634384,0.11877430385138715,0.4375
qwen3_8b,mlp,28,false_friend,semantic_main,20,0.017032818496227266,-0.010372331738471985,0.04769884806126351,0.45
qwen3_8b,mlp,28,false_friend,language_main,20,0.008440984785556794,-0.019345731660723686,0.0437312879785895,0.4
qwen3_8b,mlp,28,monolingual_polysemy,semantic_main,20,0.00828862190246582,-0.018085666000843048,0.03254646718502044,0.6
qwen3_8b,mlp,28,true_friend,language_main,20,0.009281664966351855,-0.06872167450307984,0.08064083516597742,0.55
qwen3_8b,mlp,28,translation_control,language_main,16,-0.04488925260056931,-0.12597805571965637,0.03877848796546458,0.3125
qwen3_8b,mlp,32,false_friend,semantic_main,20,-0.004705796390771866,-0.0319421892799437,0.02039654903113839,0.5
qwen3_8b,mlp,32,false_friend,language_main,20,0.0014022879302501678,-0.03780203945934772,0.037749795299023337,0.6
qwen3_8b,mlp,32,monolingual_polysemy,semantic_main,20,-0.005664753913879395,-0.01804675579071045,0.005186998844146723,0.35
qwen3_8b,mlp,32,true_friend,language_main,20,-0.02106447815838237,-0.07460266575109016,0.03282282874010545,0.4
qwen3_8b,mlp,32,translation_control,language_main,16,0.023409891872688604,-0.025267371814720718,0.07691785963249906,0.5
qwen3_8b,mlp,35,false_friend,semantic_main,20,0.0,0.0,0.0,0.0
qwen3_8b,mlp,35,false_friend,language_main,20,0.0,0.0,0.0,0.0
qwen3_8b,mlp,35,monolingual_polysemy,semantic_main,20,0.0,0.0,0.0,0.0
qwen3_8b,mlp,35,true_friend,language_main,20,0.0,0.0,0.0,0.0
qwen3_8b,mlp,35,translation_control,language_main,16,0.0,0.0,0.0,0.0
qwen3_8b,residual,0,false_friend,semantic_main,20,0.4942307651042938,0.03737771272659302,1.1327638950943946,0.75
qwen3_8b,residual,0,false_friend,language_main,20,0.32223519384860994,-0.11909706763923168,0.9277665107697239,0.45
qwen3_8b,residual,0,monolingual_polysemy,semantic_main,20,0.11454389095306397,-0.044687814116477965,0.30258291304111473,0.5
qwen3_8b,residual,0,true_friend,language_main,20,-0.4358649818320828,-1.6763471454629302,0.7042828026414287,0.35
qwen3_8b,residual,0,translation_control,language_main,16,1.691323764238859,0.5986507134416225,2.7922182375456917,0.6875
qwen3_8b,residual,4,false_friend,semantic_main,20,0.8111145012080669,-0.13313401950523257,1.9991670230031005,0.6
qwen3_8b,residual,4,false_friend,language_main,20,8.541769408434629,4.342391658443957,13.594962680041784,0.95
qwen3_8b,residual,4,monolingual_polysemy,semantic_main,20,0.3680423378944397,0.03880239754915237,0.7225082269310948,0.55
qwen3_8b,residual,4,true_friend,language_main,20,-0.43745994152814094,-1.532848287991592,0.687563077040248,0.4
qwen3_8b,residual,4,translation_control,language_main,16,0.6449724124568097,-0.6691069690709573,2.5500451780525264,0.25
qwen3_8b,residual,8,false_friend,semantic_main,20,1.904221572726965,0.7800745595432819,3.284070543888952,0.7
qwen3_8b,residual,8,false_friend,language_main,20,9.685615303367376,5.391845730058849,14.771664740741253,0.95
qwen3_8b,residual,8,monolingual_polysemy,semantic_main,20,0.48367480039596555,-0.08759378284215927,1.1281496807932854,0.55
qwen3_8b,residual,8,true_friend,language_main,20,0.3514159908953616,-0.5477009990526387,1.3730475762549277,0.55
qwen3_8b,residual,8,translation_control,language_main,16,0.3916931674821238,-1.3060560177988105,2.6402718749810723,0.4375
qwen3_8b,residual,12,false_friend,semantic_main,20,1.8947946801781654,0.6525560392066836,3.2097986976429813,0.8
qwen3_8b,residual,12,false_friend,language_main,20,8.957742543518544,4.508294264450669,14.077235932499164,0.8
qwen3_8b,residual,12,monolingual_polysemy,semantic_main,20,0.4708085894584656,-0.04509416103363036,1.0257147210836408,0.55
qwen3_8b,residual,12,true_friend,language_main,20,0.4415530621044127,-0.3080124811661142,1.293474286066349,0.65
qwen3_8b,residual,12,translation_control,language_main,16,0.09582756083455024,-1.4028388709202773,2.1178100834591302,0.5
qwen3_8b,residual,16,false_friend,semantic_main,20,2.505544685199857,1.1432222061138602,4.30636234234087,0.85
qwen3_8b,residual,16,false_friend,language_main,20,5.926132785156369,3.219186465041712,8.916251387745142,0.8
qwen3_8b,residual,16,monolingual_polysemy,semantic_main,20,0.4807091116905212,-0.0004503893852233873,1.0187555149197578,0.6
qwen3_8b,residual,16,true_friend,language_main,20,0.33673352556741065,-0.3905648852646754,1.0443777460516452,0.65
qwen3_8b,residual,16,translation_control,language_main,16,-0.5349068121213332,-1.6186867202792183,0.509967100614812,0.375
qwen3_8b,residual,20,false_friend,semantic_main,20,1.8175048887729646,1.0190934976004065,2.759343229159713,0.8
qwen3_8b,residual,20,false_friend,language_main,20,4.952938297390938,2.764343327526003,7.382815328557044,0.95
qwen3_8b,residual,20,monolingual_polysemy,semantic_main,20,0.2884708881378174,-0.07099466562271117,0.6236081343889236,0.55
qwen3_8b,residual,20,true_friend,language_main,20,0.18272701798991875,-0.4222870943774205,0.8027166712087935,0.5
qwen3_8b,residual,20,translation_control,language_main,16,-0.39857299632149035,-0.9917873271437198,0.20524729732267108,0.375
qwen3_8b,residual,24,false_friend,semantic_main,20,0.4073567293584347,0.025197224393486976,0.7943543786555527,0.7
qwen3_8b,residual,24,false_friend,language_main,20,1.9248012207448482,0.884984917845577,3.0983106509223557,0.9
qwen3_8b,residual,24,monolingual_polysemy,semantic_main,20,0.12663525342941284,-0.1369166612625122,0.3154154857993125,0.6
qwen3_8b,residual,24,true_friend,language_main,20,0.020372927177299972,-0.18922726839809742,0.23183910444374262,0.55
qwen3_8b,residual,24,translation_control,language_main,16,-0.0023731309449885885,-0.20156459100544452,0.2126468592316597,0.375
qwen3_8b,residual,28,false_friend,semantic_main,20,0.1337755560874939,0.029464513808488847,0.2582593747973441,0.7
qwen3_8b,residual,28,false_friend,language_main,20,0.1334549680352211,0.05378488481044769,0.22338310945779083,0.75
qwen3_8b,residual,28,monolingual_polysemy,semantic_main,20,0.06391408443450927,0.020249167680740355,0.11640873491764064,0.6
qwen3_8b,residual,28,true_friend,language_main,20,0.06629678292315475,-0.09534766496559313,0.2223751066319528,0.65
qwen3_8b,residual,28,translation_control,language_main,16,-0.14427520381059367,-0.4026109577018019,0.06058685891330241,0.4375
qwen3_8b,residual,32,false_friend,semantic_main,20,0.05500839427113533,0.015907050054520366,0.09749515058472752,0.7
qwen3_8b,residual,32,false_friend,language_main,20,0.021961409598588943,-0.02351582137867808,0.07600639346987006,0.45
qwen3_8b,residual,32,monolingual_polysemy,semantic_main,20,0.011955130100250243,-0.003926390111446381,0.0296414628624916,0.5
qwen3_8b,residual,32,true_friend,language_main,20,0.019647115542102255,-0.042019674039347595,0.09092652871928295,0.5
qwen3_8b,residual,32,translation_control,language_main,16,-0.08876604214219697,-0.19353060387074947,0.02564758425580746,0.25
qwen3_8b,residual,35,false_friend,semantic_main,20,0.0,0.0,0.0,0.0
qwen3_8b,residual,35,false_friend,language_main,20,0.0,0.0,0.0,0.0
qwen3_8b,residual,35,monolingual_polysemy,semantic_main,20,0.0,0.0,0.0,0.0
qwen3_8b,residual,35,true_friend,language_main,20,0.0,0.0,0.0,0.0
qwen3_8b,residual,35,translation_control,language_main,16,0.0,0.0,0.0,0.0
